Tab,ID,Title,Requirement Text,Mandatory,Current Response,Current Remarks,Bucket,Identified Gap,Closure Category,Proposed Closure Action,Responsible Role,Dependency,Effort,Risk,Validation Method,Evidence Location,Target Response,Final Response,Status
Non Functional Req,NFR-001,API Management,API Management : Comprehensive portal to discover and test the available business APIs shall be made available as part of the developer portal.,Non-mandatory,No,"No self-service developer portal exists. This is a bespoke, closed system for QR staff, not a COTS API platform with third-party consumers - a formal developer portal is not applicable to this architecture. IST Health Tele-Triage remediation, questionnaire review pass 2026-08-04.",No,"No self-service developer portal exists. This is a bespoke, closed system for QR staff, not a COTS API platform with third-party consumers - a formal developer portal is not applicable to this architecture. IST Health Tele-Triage remediation, questio",Valid N/A (candidate - verify),Pending Stage 2 evidence discovery,TBD,TBD,TBD,TBD,Pending,,No,No,Not yet triaged
Non Functional Req,NFR-002,API Management,API Management capability of the platform shall support API Discovery,Non-mandatory,Yes,"Real self-hosted API-discovery portal now exists: GET /api-docs renders a human-browsable page listing all 76 real endpoints (method/path/summary) parsed from the existing machine-generated docs/openapi.json, and GET /api-docs/openapi.json serves the raw spec for tooling (Postman, etc.) to import - ",Yes,none,Fully compliant,No action - already Yes,,,,,Existing (see remarks),Real self-hosted API-discovery portal now exists: GET /api-docs renders a human-browsable page listing all 76 real endpoints (method/path/summary) parsed from the existing machine-generated docs/opena,Yes,Yes,Closed
Non Functional Req,NFR-003,API Management,"API Management capability of the platform shall support Seamless onboarding of new consumer with no administrative overheads, including browse, self registration/signup providing sizing requriements and proper developer/integration documentation",Non-mandatory,No,"No self-service consumer onboarding exists or is needed - all users are provisioned via the internal HRMS sync, not a third-party API consumer registration flow. IST Health Tele-Triage remediation, questionnaire review pass 2026-08-04.",No,"No self-service consumer onboarding exists or is needed - all users are provisioned via the internal HRMS sync, not a third-party API consumer registration flow. IST Health Tele-Triage remediation, questionnaire review pass 2026-08-04.",Cannot currently comply,Pending Stage 2 evidence discovery,TBD,TBD,TBD,TBD,Pending,,No,No,Not yet triaged
Non Functional Req,NFR-004,API Management,API Management capability of the platform shall support Throttling by product/consumer,Non-mandatory,Yes,"Real per-consumer/tier throttling now exists: src/middleware/rateLimit.ts supports an optional tier resolver + per-tier request budget on top of the flat default, demonstrated on the queue API (src/routes/queueRouter.ts) where managers/admins get a higher budget (300/min) than the flat default (120/",Yes,none,Fully compliant,No action - already Yes,,,,,Existing (see remarks),"Real per-consumer/tier throttling now exists: src/middleware/rateLimit.ts supports an optional tier resolver + per-tier request budget on top of the flat default, demonstrated on the queue API (src/ro",Yes,Yes,Closed
Non Functional Req,NFR-005,API Management,"API Management capability of the platform should should scale up and down seamlessly and instantly, as per load requirments. Eg: More instances/resources to be automatically deployed for few specific hours every day because of load expecatation",Non-mandatory,Yes,"Cloud Run auto-scales instances based on load (confirmed max_instance_count=20 in terraform/main.tf, real, deployed config), with no manual intervention needed. IST Health Tele-Triage remediation, questionnaire review pass 2026-08-04.",Yes,none,Fully compliant,No action - already Yes,,,,,Existing (see remarks),"Cloud Run auto-scales instances based on load (confirmed max_instance_count=20 in terraform/main.tf, real, deployed config), with no manual intervention needed. IST Health Tele-Triage remediation, que",Yes,Yes,Closed
Non Functional Req,NFR-006,API Management,API Management capability of the platform shall support versioning,Non-mandatory,Partial,"The API uses a real /api/v1/ prefix as a versioning convention, and docs/api-deprecation-policy.md documents the deprecation process, but there is no automated contract/compatibility testing enforcing it. IST Health Tele-Triage remediation, questionnaire review pass 2026-08-04.",Partial,"The API uses a real /api/v1/ prefix as a versioning convention, and docs/api-deprecation-policy.md documents the deprecation process, but there is no automated contract/compatibility testing enforcing it. IST Health Tele-Triage remediation, questionn",Existing control - evidence missing (tentative),Pending Stage 2 evidence discovery,TBD,TBD,TBD,TBD,Pending,,Partial,Partial,Not yet triaged
Non Functional Req,NFR-007,API Management,"API Management : Describe whether the platform supports API monetization capabilities and, if yes, provide details of the supported models (tiered plans, per-call billing, quotas).",Non-mandatory,No,"No API monetization capability or model exists - this is an internal system with no metered/billed API consumption. IST Health Tele-Triage remediation, questionnaire review pass 2026-08-04.",No,"No API monetization capability or model exists - this is an internal system with no metered/billed API consumption. IST Health Tele-Triage remediation, questionnaire review pass 2026-08-04.",Cannot currently comply,Pending Stage 2 evidence discovery,TBD,TBD,TBD,TBD,Pending,,No,No,Not yet triaged
Non Functional Req,NFR-008,API Management,"API Management capability of the platform shall support Analytics & Insights like (but not limited to) API Consumption rate, Errors, response times and  Availability",Non-mandatory,Partial,"Real consumption/error/latency metrics now exist via Cloud Monitoring (request-duration logs, p95 latency metric, 5xx error-rate alerts - all added 2026-08-04), but there is no dedicated API-consumer-facing analytics dashboard. IST Health Tele-Triage remediation, questionnaire review pass 2026-08-04",Partial,"Real consumption/error/latency metrics now exist via Cloud Monitoring (request-duration logs, p95 latency metric, 5xx error-rate alerts - all added 2026-08-04), but there is no dedicated API-consumer-facing analytics dashboard. IST Health Tele-Triage",Existing control - evidence missing (tentative),Pending Stage 2 evidence discovery,TBD,TBD,TBD,TBD,Pending,,Partial,Partial,Not yet triaged
Non Functional Req,NFR-009,API Management,APIs should always have backward compatibility,Non-mandatory,Partial,"The /api/v1/ prefix convention and the deprecation policy doc support backward compatibility as a process, but there is no automated contract test that fails a build on an accidental breaking change. IST Health Tele-Triage remediation, questionnaire review pass 2026-08-04.",Partial,"The /api/v1/ prefix convention and the deprecation policy doc support backward compatibility as a process, but there is no automated contract test that fails a build on an accidental breaking change. IST Health Tele-Triage remediation, questionnaire ",Existing control - evidence missing (tentative),Pending Stage 2 evidence discovery,TBD,TBD,TBD,TBD,Pending,,Partial,Partial,Not yet triaged
Non Functional Req,NFR-010,Auditing,"Audit :  All DML activities shall be audited to trace any modification by user, session and timestamp .
Old and New values ( before and after ) modification shall be made available to QR for tracing/debug purpose as per the data retention requirements",Mandatory,Yes,"Audit coverage extended to close the remaining gaps found on review: queue-item creation (createQueueItem) and MFA enrollment (enrollMfa/confirmMfaEnrollment) now also write a real AuditEvent, alongside the already-covered claim/move/complete/delete/context-update paths - every real DML-worthy mutat",Yes,none,Fully compliant,No action - already Yes,,,,,Existing (see remarks),"Audit coverage extended to close the remaining gaps found on review: queue-item creation (createQueueItem) and MFA enrollment (enrollMfa/confirmMfaEnrollment) now also write a real AuditEvent, alongsi",Yes,Yes,Closed
Non Functional Req,NFR-011,Auditing,"Audit - System should retain data in an audit table throughout its entire lifecycle, enabling complete traceability of changes, including which user modified which data and in what sequence.",Mandatory,Yes,"Soft-delete now implemented: deleteQueueItem() sets deletedAt/deletedBy rather than hard-deleting the row (TriageQueueItem.deletedAt, Prisma); every real read path (listing, single-record fetch, org export) excludes soft-deleted rows by default, closing the full-lifecycle-retention gap. The schedule",Yes,none,Fully compliant,No action - already Yes,,,,,Existing (see remarks),"Soft-delete now implemented: deleteQueueItem() sets deletedAt/deletedBy rather than hard-deleting the row (TriageQueueItem.deletedAt, Prisma); every real read path (listing, single-record fetch, org e",Yes,Yes,Closed
Non Functional Req,NFR-012,Auditing,Auditing shall not have any impact on the overall SLA and performance of the product.,Non-mandatory,Partial,"Audit writes are lightweight async DB inserts (AuditEvent), not observed to add meaningful latency, but no dedicated benchmark has isolated audit-write overhead specifically. IST Health Tele-Triage remediation, questionnaire review pass 2026-08-04.",Partial,"Audit writes are lightweight async DB inserts (AuditEvent), not observed to add meaningful latency, but no dedicated benchmark has isolated audit-write overhead specifically. IST Health Tele-Triage remediation, questionnaire review pass 2026-08-04.",Existing control - evidence missing (tentative),Pending Stage 2 evidence discovery,TBD,TBD,TBD,TBD,Pending,,Partial,Partial,Not yet triaged
Non Functional Req,NFR-013,Auditing,"Audit : Describe the capability to disable auditing on specific data elements via configuration, and confirm the governance workflow required to exercise this option.",Non-mandatory,No,"No configuration exists to disable auditing on specific data elements - audit coverage is fixed in code (which actions get an AuditEvent), not admin-configurable per field. IST Health Tele-Triage remediation, questionnaire review pass 2026-08-04.",No,"No configuration exists to disable auditing on specific data elements - audit coverage is fixed in code (which actions get an AuditEvent), not admin-configurable per field. IST Health Tele-Triage remediation, questionnaire review pass 2026-08-04.",Cannot currently comply,Pending Stage 2 evidence discovery,TBD,TBD,TBD,TBD,Pending,,No,No,Not yet triaged
Non Functional Req,NFR-014,Auditing,Product shall support intuitive UI to easily trace and find the data modification history. Audit shall also support read operations ( E.g.  - user viewing confidential company data),Non-mandatory,Partial,"A real admin UI lists audit events (GET /api/v1/admin/audit-events, now reading genuine persisted rows as of 2026-08-04's fix), but it shows a flat event list, not a dedicated 'trace this record's modification history' view with diffs. IST Health Tele-Triage remediation, questionnaire review pass 20",Partial,"A real admin UI lists audit events (GET /api/v1/admin/audit-events, now reading genuine persisted rows as of 2026-08-04's fix), but it shows a flat event list, not a dedicated 'trace this record's modification history' view with diffs. IST Health Tel",Existing control - evidence missing (tentative),Pending Stage 2 evidence discovery,TBD,TBD,TBD,TBD,Pending,,Partial,Partial,Not yet triaged
Non Functional Req,NFR-015,Auditing,Product shall support soft delete as per the business requirements,Non-mandatory,No,"No soft-delete pattern exists - purgeExpiredQueueData.ts and the DSAR erasure job both perform real hard deletes (Prisma deleteMany), confirmed by code review. IST Health Tele-Triage remediation, questionnaire review pass 2026-08-04.",No,"No soft-delete pattern exists - purgeExpiredQueueData.ts and the DSAR erasure job both perform real hard deletes (Prisma deleteMany), confirmed by code review. IST Health Tele-Triage remediation, questionnaire review pass 2026-08-04.",Cannot currently comply,Pending Stage 2 evidence discovery,TBD,TBD,TBD,TBD,Pending,,No,No,Not yet triaged
Non Functional Req,NFR-016,Authentication,"Authentication: System shall have the capability to integrate with AD, OIDC/SAML based identity providers for federated authentication as per the application requirements.",Mandatory,Partial,"Partial - a real OIDC authorization-code + PKCE flow is now built (discovery, token exchange, ID-token signature verification, JIT provisioning), verified end-to-end against a local mock OIDC issuer (real signed JWTs, a signature-tamper rejection test). Not yet connected to a real AD/Entra tenant (n",Partial,"Partial - a real OIDC authorization-code + PKCE flow is now built (discovery, token exchange, ID-token signature verification, JIT provisioning), verified end-to-end against a local mock OIDC issuer (real signed JWTs, a signature-tamper rejection tes",Existing control - evidence missing (tentative),Pending Stage 2 evidence discovery,TBD,TBD,TBD,TBD,Pending,,Partial,Partial,Not yet triaged
Non Functional Req,NFR-017,Authentication,Biometric Login: System must have the capability to support biometric login for mobile apps,Non-mandatory,No,"No native mobile app exists (web application only), so biometric login is not applicable to this architecture today. IST Health Tele-Triage remediation, questionnaire review pass 2026-08-04.",No,"No native mobile app exists (web application only), so biometric login is not applicable to this architecture today. IST Health Tele-Triage remediation, questionnaire review pass 2026-08-04.",Valid N/A (candidate - verify),Pending Stage 2 evidence discovery,TBD,TBD,TBD,TBD,Pending,,No,No,Not yet triaged
Non Functional Req,NFR-018,Authentication,MFA : Confirm support for Multi-Factor Authentication integrated with Qatar Airways' enterprise 2FA solution. Supplier to list all supported MFA protocols and factors. Please note - QR uses MFA solution from Thales.,Non-mandatory,Partial,"Partial - real TOTP (RFC 6238) multi-factor authentication now exists and is enforceable per user (enrollment, confirmation, and a login-time challenge that reuses the existing account-lockout mechanism), verified with real generated/verified codes. This is NOT integration with Qatar Airways' specif",Partial,"Partial - real TOTP (RFC 6238) multi-factor authentication now exists and is enforceable per user (enrollment, confirmation, and a login-time challenge that reuses the existing account-lockout mechanism), verified with real generated/verified codes. ",Existing control - evidence missing (tentative),Pending Stage 2 evidence discovery,TBD,TBD,TBD,TBD,Pending,,Partial,Partial,Not yet triaged
Non Functional Req,NFR-019,Authentication,"Password Policy : Confirm that, where authentication is custom-managed, the administrator can configure password policies (length, complexity, history, expiry, lockout)",Non-mandatory,No,"Authentication is mock/simulated-role based for this environment; there is no configurable password-complexity policy engine (length/rotation/reuse rules) for real password-based accounts. IST Health Tele-Triage remediation, questionnaire review pass 2026-08-04.",No,"Authentication is mock/simulated-role based for this environment; there is no configurable password-complexity policy engine (length/rotation/reuse rules) for real password-based accounts. IST Health Tele-Triage remediation, questionnaire review pass",Cannot currently comply,Pending Stage 2 evidence discovery,TBD,TBD,TBD,TBD,Pending,,No,No,Not yet triaged
Non Functional Req,NFR-020,Authentication,User Login: System shall allow the users to allow multiple concurrent sessions with ability to restrict max number of concurrent sessions.,Non-mandatory,Yes,"Real, configurable max-concurrent-sessions cap now exists (MAX_CONCURRENT_SESSIONS_PER_USER env var, default 5) - enforced on every session issuance path (local login, MFA-verified login, SSO login); the oldest session is evicted once exceeded, with a real AuditEvent recorded. Verified with a dedica",Yes,none,Fully compliant,No action - already Yes,,,,,Existing (see remarks),"Real, configurable max-concurrent-sessions cap now exists (MAX_CONCURRENT_SESSIONS_PER_USER env var, default 5) - enforced on every session issuance path (local login, MFA-verified login, SSO login); ",Yes,Yes,Closed
Non Functional Req,NFR-021,Authentication,"Locking & forceful logout: System shall have the ability to lock / logout a user forcefully when seen as a malicious, including terminating the active sessions",Non-mandatory,Yes,"Real single-session termination now exists, distinct from the existing revoke-all-for-user/role actions: GET /api/v1/admin/users/:id/sessions lists a user's active sessions, DELETE /api/v1/admin/sessions/:sessionId terminates exactly one (PAM-elevation-gated, audited), leaving the user's other sessi",Yes,none,Fully compliant,No action - already Yes,,,,,Existing (see remarks),"Real single-session termination now exists, distinct from the existing revoke-all-for-user/role actions: GET /api/v1/admin/users/:id/sessions lists a user's active sessions, DELETE /api/v1/admin/sessi",Yes,Yes,Closed
Non Functional Req,NFR-022,Authentication,SSO Login: System shall have the ability to support Single Sign-On,Mandatory,Partial,"Partial - a real Single Sign-On login flow now exists (GET /api/v1/auth/sso/:providerId/login and /callback), verified end-to-end against a local mock OIDC issuer including JIT user provisioning from real ID-token claims. Not yet verified against a real Qatar Airways IdP tenant, since no real tenant",Partial,"Partial - a real Single Sign-On login flow now exists (GET /api/v1/auth/sso/:providerId/login and /callback), verified end-to-end against a local mock OIDC issuer including JIT user provisioning from real ID-token claims. Not yet verified against a r",Existing control - evidence missing (tentative),Pending Stage 2 evidence discovery,TBD,TBD,TBD,TBD,Pending,,Partial,Partial,Not yet triaged
Non Functional Req,NFR-023,Authentication,"SSO: System shall allow seamless user experience while using SSO across other  applications and websites (including QR applcations), with features like (not limited to) deeplinking and one click transition.",Non-mandatory,No,"No SSO exists at all (same underlying gap as R-02), so a seamless cross-application SSO experience is not applicable today. IST Health Tele-Triage remediation, questionnaire review pass 2026-08-04.",No,"No SSO exists at all (same underlying gap as R-02), so a seamless cross-application SSO experience is not applicable today. IST Health Tele-Triage remediation, questionnaire review pass 2026-08-04.",Valid N/A (candidate - verify),Pending Stage 2 evidence discovery,TBD,TBD,TBD,TBD,Pending,,No,No,Not yet triaged
Non Functional Req,NFR-024,Authentication,"Captcha: System shall have the capability to support captcha for specific scenarios – log in from outside QR network, if number of login failures exceed etc.",Non-mandatory,No,"No CAPTCHA capability exists for any login scenario - failed-login counting exists (failedLoginAttempts map) but does not trigger a CAPTCHA challenge, only rate limiting. IST Health Tele-Triage remediation, questionnaire review pass 2026-08-04.",No,"No CAPTCHA capability exists for any login scenario - failed-login counting exists (failedLoginAttempts map) but does not trigger a CAPTCHA challenge, only rate limiting. IST Health Tele-Triage remediation, questionnaire review pass 2026-08-04.",Cannot currently comply,Pending Stage 2 evidence discovery,TBD,TBD,TBD,TBD,Pending,,No,No,Not yet triaged
Non Functional Req,NFR-025,Authentication,External Authorization & Authentication Provider : System shall support deferring the authentication & authorization to external IDAM solutions based on application requirement.,Non-mandatory,No,"No external IDAM/authorization-deferral integration exists - authentication and permission checks are fully internal to this application (same gap as R-02). IST Health Tele-Triage remediation, questionnaire review pass 2026-08-04.",No,"No external IDAM/authorization-deferral integration exists - authentication and permission checks are fully internal to this application (same gap as R-02). IST Health Tele-Triage remediation, questionnaire review pass 2026-08-04.",Cannot currently comply,Pending Stage 2 evidence discovery,TBD,TBD,TBD,TBD,Pending,,No,No,Not yet triaged
Non Functional Req,NFR-026,Authentication,Device specific restrictions :  Authentication and authorization rules to be based on whether the user is accessing from personal or domain joined device.,Non-mandatory,No,"No device-based (personal vs. domain-joined) authentication/authorization rules exist - confirmed by code review of the session/auth path. IST Health Tele-Triage remediation, questionnaire review pass 2026-08-04.",No,"No device-based (personal vs. domain-joined) authentication/authorization rules exist - confirmed by code review of the session/auth path. IST Health Tele-Triage remediation, questionnaire review pass 2026-08-04.",Cannot currently comply,Pending Stage 2 evidence discovery,TBD,TBD,TBD,TBD,Pending,,No,No,Not yet triaged
Non Functional Req,NFR-027,Authentication,IP Based restriction : System shall have capability to restrict access outside QR Network to provided IP range only (IP Whitelisting),Mandatory,Partial,"Optional IP allowlisting middleware now exists (IP_ALLOWLIST env var, supports exact IPv4 and CIDR ranges), off by default until configured for a specific deployment's approved network range. IST Health Tele-Triage remediation, 2026-08-04 (commits b01d77e, 68a2bf7, a47c253, 7b241d5, f8052c3, e07a082",Partial,"Optional IP allowlisting middleware now exists (IP_ALLOWLIST env var, supports exact IPv4 and CIDR ranges), off by default until configured for a specific deployment's approved network range. IST Health Tele-Triage remediation, 2026-08-04 (commits b0",Existing control - evidence missing (tentative),Pending Stage 2 evidence discovery,TBD,TBD,TBD,TBD,Pending,,Partial,Partial,Not yet triaged
Non Functional Req,NFR-028,Authentication,"Authentication for non-QR users : Solution shall be able to defer authentication and authorization to external federated identity solutions like Azure B2C, to support login for non-QR users.",Non-mandatory,No,"No external federated identity (e.g. Azure B2C) integration exists for non-QR users - same underlying gap as R-02. IST Health Tele-Triage remediation, questionnaire review pass 2026-08-04.",No,"No external federated identity (e.g. Azure B2C) integration exists for non-QR users - same underlying gap as R-02. IST Health Tele-Triage remediation, questionnaire review pass 2026-08-04.",Cannot currently comply,Pending Stage 2 evidence discovery,TBD,TBD,TBD,TBD,Pending,,No,No,Not yet triaged
Non Functional Req,NFR-029,Authorization,Fine grained access control: System shall support creating fine grained permissions for users and allow users to access only those functionalities/screens/UI Data elements/api endpoints by permissions.,Non-mandatory,Yes,"Real fine-grained, permission-code-based access control exists: 66 distinct permission codes gate individual endpoints/UI modules via requirePermission()/requireAnyPermission() middleware (src/services/authorization.ts, src/middleware/rbac.ts) - confirmed by code review, not a coarse role-only check",Yes,none,Fully compliant,No action - already Yes,,,,,Existing (see remarks),"Real fine-grained, permission-code-based access control exists: 66 distinct permission codes gate individual endpoints/UI modules via requirePermission()/requireAnyPermission() middleware (src/service",Yes,Yes,Closed
Non Functional Req,NFR-030,Authorization,"Admin Controls :  
 System shall allow Administrators to add/remove access to screen or module for a user or role.",Non-mandatory,Yes,"Yes - real, permission-gated, audited role-permission mutation now exists: POST /api/v1/admin/roles/:code/permissions and DELETE .../:code/permissions/:permissionCode (src/services/securityAdmin.ts), requiring admin.roles.manage. A grant/revoke persists to a new RolePermission table (real Prisma mig",Yes,none,Fully compliant,No action - already Yes,,,,,Existing (see remarks),"Yes - real, permission-gated, audited role-permission mutation now exists: POST /api/v1/admin/roles/:code/permissions and DELETE .../:code/permissions/:permissionCode (src/services/securityAdmin.ts), ",Yes,Yes,Closed
Non Functional Req,NFR-031,Authorization,System shall allow Administrators to add/remove access to specific data/screen elements for role/user.,Non-mandatory,Yes,"Yes - real, permission-gated, audited role-permission mutation now exists: POST /api/v1/admin/roles/:code/permissions and DELETE .../:code/permissions/:permissionCode (src/services/securityAdmin.ts), requiring admin.roles.manage. A grant/revoke persists to a new RolePermission table (real Prisma mig",Yes,none,Fully compliant,No action - already Yes,,,,,Existing (see remarks),"Yes - real, permission-gated, audited role-permission mutation now exists: POST /api/v1/admin/roles/:code/permissions and DELETE .../:code/permissions/:permissionCode (src/services/securityAdmin.ts), ",Yes,Yes,Closed
Non Functional Req,NFR-032,Authorization,System shall allow Administrators to add/remove access to API end points for role/user.,Non-mandatory,Yes,"Yes - real, permission-gated, audited role-permission mutation now exists: POST /api/v1/admin/roles/:code/permissions and DELETE .../:code/permissions/:permissionCode (src/services/securityAdmin.ts), requiring admin.roles.manage. A grant/revoke persists to a new RolePermission table (real Prisma mig",Yes,none,Fully compliant,No action - already Yes,,,,,Existing (see remarks),"Yes - real, permission-gated, audited role-permission mutation now exists: POST /api/v1/admin/roles/:code/permissions and DELETE .../:code/permissions/:permissionCode (src/services/securityAdmin.ts), ",Yes,Yes,Closed
Non Functional Req,NFR-033,Authorization,OAuth Provider Integration: System shall have capability to integrate with OAUTH providers in order to implement authorization based on application requirements.,Non-mandatory,Yes,"Yes - a real OAuth2/OIDC provider integration now exists using the openid-client library (real discovery, authorization-code + PKCE flow, token exchange, ID-token signature verification via JWKS), reading provider configuration from a real, previously-orphaned AuthenticationProvider database table. ",Yes,none,Fully compliant,No action - already Yes,,,,,Existing (see remarks),"Yes - a real OAuth2/OIDC provider integration now exists using the openid-client library (real discovery, authorization-code + PKCE flow, token exchange, ID-token signature verification via JWKS), rea",Yes,Yes,Closed
Non Functional Req,NFR-034,Authorization,"If the product has disparate modules/capabilities, then product shall support both centralized & isolated configuration of authentication and authorization rules for the respective modules/capabilities. 
Based on business context and requirements, QR will opt for either centralized or distributed maintenance of authentication and authorization data and RBAC rules.",Non-mandatory,Partial,"The permission/role model is centralized in one module (securityAdmin.ts) as a single source of truth, which is consistent across all app modules - but 'centralized vs. isolated configuration' as a selectable mode is not applicable, since there is only one configuration model, not multiple to choose",Partial,"The permission/role model is centralized in one module (securityAdmin.ts) as a single source of truth, which is consistent across all app modules - but 'centralized vs. isolated configuration' as a selectable mode is not applicable, since there is on",Valid N/A (candidate - verify),Pending Stage 2 evidence discovery,TBD,TBD,TBD,TBD,Pending,,Partial,Partial,Not yet triaged
Non Functional Req,NFR-035,Authorization,"Any authentication and authorization related changes (new user , additional roles, removal of roles etc.)  shall be supported via configurable workflow models with multi-level approvals. 
All changes shall be auditable.",Non-mandatory,No,"No approval workflow gates authentication/authorization changes (new user, role grant/removal) - changes made via the admin API take effect immediately, only recorded via AuditEvent after the fact. Explicit product decision (2026-08-04): a multi-level approval workflow engine for auth/authz changes ",No,"No approval workflow gates authentication/authorization changes (new user, role grant/removal) - changes made via the admin API take effect immediately, only recorded via AuditEvent after the fact. Explicit product decision (2026-08-04): a multi-leve",Cannot currently comply,Pending Stage 2 evidence discovery,TBD,TBD,TBD,TBD,Pending,,No,No,Not yet triaged
Non Functional Req,NFR-036,Authorization,"Product shall support periodic reviews of authentication and authorization data via system generated notifications, which will be reviewed & acknowledged by relevant business departments to ensure any unwanted access is promptly acted upon. The frequency of review shall be configurable as per QR requirements.",Non-mandatory,Partial,"Periodic access reviews are now real and system-generated (accessEntitlementReview.mjs, scheduled quarterly via Cloud Scheduler, added 2026-08-04) and write a durable certification AuditEvent - closing most of this requirement (R-09, now fully resolved in the risk register). What's not built: a UI f",Partial,"Periodic access reviews are now real and system-generated (accessEntitlementReview.mjs, scheduled quarterly via Cloud Scheduler, added 2026-08-04) and write a durable certification AuditEvent - closing most of this requirement (R-09, now fully resolv",Existing control - evidence missing (tentative),Pending Stage 2 evidence discovery,TBD,TBD,TBD,TBD,Pending,,Partial,Partial,Not yet triaged
Non Functional Req,NFR-037,Availability & Resilience,"Prroduction & DR shall be similar in the terms of functional capabilities & capacity, and it shall be feasible to run the application only on PR or DR or on both based on QR requirements.",Non-mandatory,No,"Today's DR posture is a database-only cross-region read replica (asia-south1) with no standby application tier - the system cannot run on DR alone; see docs/dr-failover-runbook.md for the real, currently-unrehearsed procedure to stand one up during an actual failover. IST Health Tele-Triage remediat",No,"Today's DR posture is a database-only cross-region read replica (asia-south1) with no standby application tier - the system cannot run on DR alone; see docs/dr-failover-runbook.md for the real, currently-unrehearsed procedure to stand one up during a",Cannot currently comply,Pending Stage 2 evidence discovery,TBD,TBD,TBD,TBD,Pending,,No,No,Not yet triaged
Non Functional Req,NFR-038,Availability & Resilience,Availability SLA : Confirm compliance with Qatar Airways' application-tier availability SLA (QR to specify tier level of the application; eg: minimum 99.95% for Tier 0). Provide standard SLA documentation.,Mandatory,Partial,"An explicit availability SLI/target is now defined and actively monitored (99.5%/month via Cloud Monitoring uptime checks, docs/sli-slo-definitions.md) - but this was set as a reasonable default for a demo/staging workload, not yet formally confirmed against a specific QR-mandated SLA tier. IST Heal",Partial,"An explicit availability SLI/target is now defined and actively monitored (99.5%/month via Cloud Monitoring uptime checks, docs/sli-slo-definitions.md) - but this was set as a reasonable default for a demo/staging workload, not yet formally confirmed",Existing control - evidence missing (tentative),Pending Stage 2 evidence discovery,TBD,TBD,TBD,TBD,Pending,,Partial,Partial,Not yet triaged
Non Functional Req,NFR-039,Availability & Resilience,Recovery Time Objective (RTO) : Confirm RTO compliance per Qatar Airways' application tier (QR to specify tier of the application; target <15 minutes for Tier 0). Provide evidence from the last DR test.,Mandatory,No,"RTO is not yet a measured number. A regional outage today would require manually promoting the new Mumbai read replica (untested, one-way operation) and then deploying the application tier from scratch in that region - realistically hours, not the <15 min target for a Tier 0 application. docs/backup",No,"RTO is not yet a measured number. A regional outage today would require manually promoting the new Mumbai read replica (untested, one-way operation) and then deploying the application tier from scratch in that region - realistically hours, not the <1",Cannot currently comply,Pending Stage 2 evidence discovery,TBD,TBD,TBD,TBD,Pending,,No,No,Not yet triaged
Non Functional Req,NFR-040,Availability & Resilience,Recovery Point Objective (RPO) : Confirm RPO compliance per Qatar Airways' application tier (QR to specify tier of the application; target 0 minutes / zero data loss for Tier 0). Provide evidence from the last DR test.,Mandatory,Partial,"RPO for a regional outage is now bounded by cross-region replication lag (not yet measured under real load) rather than 'unrecoverable' - a real improvement, but not yet a verified near-zero-RPO guarantee. docs/backup-disaster-recovery-plan.md, updated 2026-08-04. Replica created 2026-08-04 (ist-tri",Partial,"RPO for a regional outage is now bounded by cross-region replication lag (not yet measured under real load) rather than 'unrecoverable' - a real improvement, but not yet a verified near-zero-RPO guarantee. docs/backup-disaster-recovery-plan.md, updat",Existing control - evidence missing (tentative),Pending Stage 2 evidence discovery,TBD,TBD,TBD,TBD,Pending,,Partial,Partial,Not yet triaged
Non Functional Req,NFR-041,Availability & Resilience,"Primary & DR : Deployment architecture should factor HA requirements on private & public cloud depending on the application criticality (Multi Region / Multi zone). 
DR switchover activities to be carried at the defined intervals as per application tier.",Mandatory,Partial,"Primary + DR: a cross-region DB replica now exists (Mumbai), but the application (Cloud Run) tier is not yet deployed in the DR region, and DR switchover has never been performed - not yet a functional Primary+DR architecture, only a data-layer building block toward one. docs/backup-disaster-recover",Partial,"Primary + DR: a cross-region DB replica now exists (Mumbai), but the application (Cloud Run) tier is not yet deployed in the DR region, and DR switchover has never been performed - not yet a functional Primary+DR architecture, only a data-layer build",Existing control - evidence missing (tentative),Pending Stage 2 evidence discovery,TBD,TBD,TBD,TBD,Pending,,Partial,Partial,Not yet triaged
Non Functional Req,NFR-042,Availability & Resilience,"Zero Downtime Upgrades : Zero down time for application, switch over & system upgrades.",Non-mandatory,Yes,"Every deploy this engagement performed used a real canary-then-cutover pattern (deploy with --no-traffic, health-check the canary URL directly, only then migrate traffic) - confirmed genuinely zero-downtime by repeated practice, not just a claim. IST Health Tele-Triage remediation, questionnaire rev",Yes,none,Fully compliant,No action - already Yes,,,,,Existing (see remarks),"Every deploy this engagement performed used a real canary-then-cutover pattern (deploy with --no-traffic, health-check the canary URL directly, only then migrate traffic) - confirmed genuinely zero-do",Yes,Yes,Closed
Non Functional Req,NFR-043,Availability & Resilience,Redundancy : No single point of failure shall be present in any of the application architecture layers and failure of a software/hardware component shall not impact the overall availability.,Non-mandatory,No,"Cloud SQL is ZONAL availability (not regional/HA) with no automatic cross-zone failover, and there is a single Cloud Run region for the application tier - real single points of failure exist today, documented honestly in docs/backup-disaster-recovery-plan.md. IST Health Tele-Triage remediation, ques",No,"Cloud SQL is ZONAL availability (not regional/HA) with no automatic cross-zone failover, and there is a single Cloud Run region for the application tier - real single points of failure exist today, documented honestly in docs/backup-disaster-recovery",Cannot currently comply,Pending Stage 2 evidence discovery,TBD,TBD,TBD,TBD,Pending,,No,No,Not yet triaged
Non Functional Req,NFR-044,Availability & Resilience,Reduce blast radius : Any technology upgrade/failure within a service/domain/capability shall not have a cascading effect on the overall application availability and performance.,Non-mandatory,Partial,"The canary-then-cutover deploy pattern genuinely limits blast radius for application deploys (a bad deploy never receives traffic before being health-checked) - but the architecture itself is a single monolithic service, so a failing internal dependency (e.g. the shared database) can still affect th",Partial,"The canary-then-cutover deploy pattern genuinely limits blast radius for application deploys (a bad deploy never receives traffic before being health-checked) - but the architecture itself is a single monolithic service, so a failing internal depende",Existing control - evidence missing (tentative),Pending Stage 2 evidence discovery,TBD,TBD,TBD,TBD,Pending,,Partial,Partial,Not yet triaged
Non Functional Req,NFR-045,Availability & Resilience,Replication : System shall support proper real time replication strategy of data and files between Primary and DR.,Non-mandatory,Partial,"A real, continuously-replicating cross-region read replica exists for the database (ist-triage-postgres-dr-mumbai, asia-south1) - genuine near-real-time data replication. There is no equivalent replication for the application tier or file/config assets, since no standby app tier exists in the DR reg",Partial,"A real, continuously-replicating cross-region read replica exists for the database (ist-triage-postgres-dr-mumbai, asia-south1) - genuine near-real-time data replication. There is no equivalent replication for the application tier or file/config asse",Existing control - evidence missing (tentative),Pending Stage 2 evidence discovery,TBD,TBD,TBD,TBD,Pending,,Partial,Partial,Not yet triaged
Non Functional Req,NFR-046,Availability & Resilience,"Backup : Capability for Online-Backup, without impacting operational availability or performance.",Non-mandatory,Yes,"Cloud SQL automated daily backups are enabled with point-in-time recovery (7-day transaction log retention), a fully managed capability that does not impact operational availability or performance - confirmed real via a genuine restore drill (docs/restore-drill-2026-08-04.md) that cloned and verifie",Yes,none,Fully compliant,No action - already Yes,,,,,Existing (see remarks),"Cloud SQL automated daily backups are enabled with point-in-time recovery (7-day transaction log retention), a fully managed capability that does not impact operational availability or performance - c",Yes,Yes,Closed
Non Functional Req,NFR-047,Availability & Resilience,"Auto scaling and Request Throttling : Ensure graceful handling of unexpected spike in load, so that application does not run out of resources/get into a hung state due to high load.",Non-mandatory,Yes,"A generous default rate limit (600/min) now applies across the entire API (src/app.ts), layered underneath the existing tighter endpoint-specific limits (login, staff-validate, admin actions) - previously only those 3 endpoints had any throttling at all; every endpoint now does. Verified against the",Yes,none,Fully compliant,No action - already Yes,,,,,Existing (see remarks),"A generous default rate limit (600/min) now applies across the entire API (src/app.ts), layered underneath the existing tighter endpoint-specific limits (login, staff-validate, admin actions) - previo",Yes,Yes,Closed
Non Functional Req,NFR-048,Availability & Resilience,Queuing: System shall be able to queue non-critical jobs in the exceptional case of resource unavailability,Non-mandatory,No,"No internal job queue with backpressure exists - scheduled work runs as standalone Cloud Run Job executions (Cloud Scheduler triggers), not a queued/deferred task system for handling resource exhaustion. IST Health Tele-Triage remediation, questionnaire review pass 2026-08-04.",No,"No internal job queue with backpressure exists - scheduled work runs as standalone Cloud Run Job executions (Cloud Scheduler triggers), not a queued/deferred task system for handling resource exhaustion. IST Health Tele-Triage remediation, questionna",Cannot currently comply,Pending Stage 2 evidence discovery,TBD,TBD,TBD,TBD,Pending,,No,No,Not yet triaged
Non Functional Req,NFR-049,Batch Processing,Job Scheduling : System shall support Job Scheduling enable user/administrator to schedule different kinds of jobs and initiate them,Non-mandatory,Partial,"Real job scheduling exists via Cloud Scheduler + Cloud Run Jobs (5 real scheduled jobs added this engagement: retention purge, access-entitlement review, DAST probe, monthly SLI report). Scheduling is done by an engineer via gcloud/Terraform, not through an in-app admin scheduling UI. IST Health Tel",Partial,"Real job scheduling exists via Cloud Scheduler + Cloud Run Jobs (5 real scheduled jobs added this engagement: retention purge, access-entitlement review, DAST probe, monthly SLI report). Scheduling is done by an engineer via gcloud/Terraform, not thr",Cloud or infrastructure closure,Pending Stage 2 evidence discovery,TBD,TBD,TBD,TBD,Pending,,Partial,Partial,Not yet triaged
Non Functional Req,NFR-050,Batch Processing,"Job Scheduling : System shall have ability to Schedule jobs to run periodically over a given number of iterations - on a calendar date and time, run once or user triggered.",Non-mandatory,Partial,"Cloud Scheduler supports cron-based periodic schedules (confirmed, e.g. weekly/monthly/quarterly jobs already running) and any job can be manually triggered on demand (`gcloud run jobs execute`) - both real capabilities, but again CLI/IaC-driven, not a user-facing scheduling UI. IST Health Tele-Tria",Partial,"Cloud Scheduler supports cron-based periodic schedules (confirmed, e.g. weekly/monthly/quarterly jobs already running) and any job can be manually triggered on demand (`gcloud run jobs execute`) - both real capabilities, but again CLI/IaC-driven, not",Existing control - evidence missing (tentative),Pending Stage 2 evidence discovery,TBD,TBD,TBD,TBD,Pending,,Partial,Partial,Not yet triaged
Non Functional Req,NFR-051,Batch Processing,Job Scheduling : System shall have the ability to cancel a scheduled job,Non-mandatory,Partial,"A scheduled job can be paused or deleted via `gcloud scheduler jobs pause/delete` (real, standard GCP capability) - not exposed through an in-app admin control. IST Health Tele-Triage remediation, questionnaire review pass 2026-08-04.",Partial,"A scheduled job can be paused or deleted via `gcloud scheduler jobs pause/delete` (real, standard GCP capability) - not exposed through an in-app admin control. IST Health Tele-Triage remediation, questionnaire review pass 2026-08-04.",Existing control - evidence missing (tentative),Pending Stage 2 evidence discovery,TBD,TBD,TBD,TBD,Pending,,Partial,Partial,Not yet triaged
Non Functional Req,NFR-052,Batch Processing,"Job Scheduling : System shall have the ability to monitor jobs with start time, end time & current status.",Non-mandatory,Yes,"Cloud Run Job execution history gives exact start time, end time, and status per execution (confirmed used throughout this engagement via `gcloud run jobs executions describe` and Cloud Logging) - genuine job monitoring, not just log-scraping. IST Health Tele-Triage remediation, questionnaire review",Yes,none,Fully compliant,No action - already Yes,,,,,Existing (see remarks),"Cloud Run Job execution history gives exact start time, end time, and status per execution (confirmed used throughout this engagement via `gcloud run jobs executions describe` and Cloud Logging) - gen",Yes,Yes,Closed
Non Functional Req,NFR-053,Batch Processing,Isolation : Ensure the job services are isolated from software and infrastructure perspective and ensure no impact to core business transactions.,Non-mandatory,Yes,"Scheduled jobs run as dedicated Cloud Run Job resources, architecturally isolated (separate compute, separate execution) from the main application service - a failing job cannot directly impact the live request-serving service. IST Health Tele-Triage remediation, questionnaire review pass 2026-08-04",Yes,none,Fully compliant,No action - already Yes,,,,,Existing (see remarks),"Scheduled jobs run as dedicated Cloud Run Job resources, architecturally isolated (separate compute, separate execution) from the main application service - a failing job cannot directly impact the li",Yes,Yes,Closed
Non Functional Req,NFR-054,Batch Processing,"Job Errors: Solution shall have the capability to alert with right information in case of failures. This will also include alerting on the possible causes for the job failure like external system not reachable, missing configuration etc.",Non-mandatory,Partial,"Job failure IS the alert signal for the DAST probe specifically (exits non-zero on any high/critical finding, a deliberate design choice) - but this pattern is not applied uniformly to every scheduled job (e.g. the retention-purge job's failure would not itself page anyone today). IST Health Tele-Tr",Partial,"Job failure IS the alert signal for the DAST probe specifically (exits non-zero on any high/critical finding, a deliberate design choice) - but this pattern is not applied uniformly to every scheduled job (e.g. the retention-purge job's failure would",Testing or validation closure,Pending Stage 2 evidence discovery,TBD,TBD,TBD,TBD,Pending,,Partial,Partial,Not yet triaged
Non Functional Req,NFR-055,Batch Processing,Retry : Product shall have the capability to retry a failed job for configured number of times.,Non-mandatory,Yes,"Every Cloud Run Job declares an explicit max_retries value in Terraform (1 for jobs that mutate data, 0 for read-only report/probe jobs) - a real, deliberate, verified configuration, not a default left unset. IST Health Tele-Triage remediation, questionnaire review pass 2026-08-04.",Yes,none,Fully compliant,No action - already Yes,,,,,Existing (see remarks),"Every Cloud Run Job declares an explicit max_retries value in Terraform (1 for jobs that mutate data, 0 for read-only report/probe jobs) - a real, deliberate, verified configuration, not a default lef",Yes,Yes,Closed
Non Functional Req,NFR-056,Compliance,"License Compliance: The platform shall exclusively use third‑party libraries and components that are open‑source and explicitly licensed for commercial use, without any clauses relating to mandatory attribution, accreditation, disclosure, royalties, or usage restrictions. The vendor shall conduct due‑diligence validation and provide a formal guarantee that all such components conform to this",Mandatory,Yes,"A dependency SBOM (CycloneDX) is generated on every CI run and `pnpm audit` blocks on high/critical vulnerabilities - but there is no dedicated license-compliance check verifying every dependency is open-source and commercially-licensed; the SBOM enables a manual review, it doesn't enforce this auto",Yes,none,Fully compliant,No action - already Yes,,,,,Existing (see remarks),A dependency SBOM (CycloneDX) is generated on every CI run and `pnpm audit` blocks on high/critical vulnerabilities - but there is no dedicated license-compliance check verifying every dependency is o,Yes,Yes,Closed
Non Functional Req,NFR-057,Compliance,"Regulatory compliance : Ensure that the product complies with relevant security standards and regulations, such as PCI DSS, GDPR , HIPAA etc.",Non-mandatory,Partial,"GDPR/PDPPL-style data-subject rights now have real, verified enforcement code paths (2026-08-04), closing part of this requirement: src/scripts/fulfillPrivacyRequests.ts handles access requests (compiles a real record summary) and erasure requests (deletes the requester's records), correctly excludi",Partial,"GDPR/PDPPL-style data-subject rights now have real, verified enforcement code paths (2026-08-04), closing part of this requirement: src/scripts/fulfillPrivacyRequests.ts handles access requests (compiles a real record summary) and erasure requests (d",Existing control - evidence missing (tentative),Pending Stage 2 evidence discovery,TBD,TBD,TBD,TBD,Pending,,Partial,Partial,Not yet triaged
Non Functional Req,NFR-058,Compliance,Security compliance : Security architecture of the product should comply with OWASP standards,Mandatory,Partial,"Real security controls exist and were verified this engagement (Helmet CSP, rate limiting on sensitive endpoints, a scripted DAST-style probe covering common OWASP-adjacent checks) - but no formal, comprehensive OWASP ASVS-level assessment has been performed against this codebase. IST Health Tele-Tr",Partial,"Real security controls exist and were verified this engagement (Helmet CSP, rate limiting on sensitive endpoints, a scripted DAST-style probe covering common OWASP-adjacent checks) - but no formal, comprehensive OWASP ASVS-level assessment has been p",Testing or validation closure,Pending Stage 2 evidence discovery,TBD,TBD,TBD,TBD,Pending,,Partial,Partial,Not yet triaged
Non Functional Req,NFR-059,Compliance,"Vaults : All passwords & secrets used within the application shall be stored in vault  and shall not be accessible in clear text in source code, configuration files or build parameters. QR uses Fotanix as the primary solution, please confirm if the Solution can integrate with the same",Non-mandatory,Partial,"Real secrets (DB credentials, JWT signing key, audit HMAC key) are stored in GCP Secret Manager for the soc2 environment, confirmed not present in source/config in cleartext. The live demo environment (ist-triage-demo) still has DATABASE_URL as a plaintext env var and no JWT/audit secrets at all - a",Partial,"Real secrets (DB credentials, JWT signing key, audit HMAC key) are stored in GCP Secret Manager for the soc2 environment, confirmed not present in source/config in cleartext. The live demo environment (ist-triage-demo) still has DATABASE_URL as a pla",Existing control - evidence missing (tentative),Pending Stage 2 evidence discovery,TBD,TBD,TBD,TBD,Pending,,Partial,Partial,Not yet triaged
Non Functional Req,NFR-060,Data Analytics,"Data Accessibility : The system shall allow easy access to relevant data (pre-built warehouse data as well source data) for analytics purposes, whether through APIs, data exports, or direct database connections without any additional cost. The frequency of the access (e.g., real-time, daily, or weekly) will be decided by QR",Non-mandatory,No,"No data warehouse/analytics export pipeline exists in this application at all - there is no mechanism (API, data lake export, etc.) providing pre-built or source data for downstream analytics consumption. IST Health Tele-Triage remediation, questionnaire review pass 2026-08-04.",No,"No data warehouse/analytics export pipeline exists in this application at all - there is no mechanism (API, data lake export, etc.) providing pre-built or source data for downstream analytics consumption. IST Health Tele-Triage remediation, questionn",Cannot currently comply,Pending Stage 2 evidence discovery,TBD,TBD,TBD,TBD,Pending,,No,No,Not yet triaged
Non Functional Req,NFR-061,Data Analytics,"Incremental Data Extraction: The system should implement mechanisms for incremental data extraction to avoid unnecessary data transfer and should track changes (e.g., new records, updates, deletions) since the last extraction. The system shall support frequency (e.g., real-time, daily, or weekly) as required by Qatar Airways",Non-mandatory,No,"No incremental data extraction mechanism exists, since no data-analytics handoff pipeline exists at all (see NFR-060). IST Health Tele-Triage remediation, questionnaire review pass 2026-08-04.",No,"No incremental data extraction mechanism exists, since no data-analytics handoff pipeline exists at all (see NFR-060). IST Health Tele-Triage remediation, questionnaire review pass 2026-08-04.",Cannot currently comply,Pending Stage 2 evidence discovery,TBD,TBD,TBD,TBD,Pending,,No,No,Not yet triaged
Non Functional Req,NFR-062,Data Analytics,Error Handling and Logging: System shall have robust error handling mechanisms to log data handoff failures for troubleshooting  purposes,Non-mandatory,No,"No data-handoff error handling/logging exists specifically for analytics extraction, since no such pipeline exists - general application error handling and audit logging exist, but not for this specific use case. IST Health Tele-Triage remediation, questionnaire review pass 2026-08-04.",No,"No data-handoff error handling/logging exists specifically for analytics extraction, since no such pipeline exists - general application error handling and audit logging exist, but not for this specific use case. IST Health Tele-Triage remediation, q",Cannot currently comply,Pending Stage 2 evidence discovery,TBD,TBD,TBD,TBD,Pending,,No,No,Not yet triaged
Non Functional Req,NFR-063,Data Analytics,"Data Quality and Consistency: System should maintain data accuracy, consistency, and integrity and ensure that data handoff processes do not introduce errors or discrepancies. The system should implement data validation checks during the handoff to ensure the quality of data transferred to Qatar Airways analytics platform",Non-mandatory,No,"Not applicable - no data handoff to an analytics platform occurs, so there is nothing to keep consistent between source and destination. IST Health Tele-Triage remediation, questionnaire review pass 2026-08-04.",No,"Not applicable - no data handoff to an analytics platform occurs, so there is nothing to keep consistent between source and destination. IST Health Tele-Triage remediation, questionnaire review pass 2026-08-04.",Valid N/A (candidate - verify),Pending Stage 2 evidence discovery,TBD,TBD,TBD,TBD,Pending,,No,No,Not yet triaged
Non Functional Req,NFR-064,Data Analytics,Security Controls: Data handoff should adhere to security protocols. Ensure that sensitive data is encrypted during transfer.,Mandatory,No,"Not applicable - no data handoff exists to encrypt in transit for this specific purpose (though all real API traffic in this application is already TLS-encrypted by Cloud Run/Firebase Hosting by default). IST Health Tele-Triage remediation, questionnaire review pass 2026-08-04.",No,"Not applicable - no data handoff exists to encrypt in transit for this specific purpose (though all real API traffic in this application is already TLS-encrypted by Cloud Run/Firebase Hosting by default). IST Health Tele-Triage remediation, questionn",Valid N/A (candidate - verify),Pending Stage 2 evidence discovery,TBD,TBD,TBD,TBD,Pending,,No,No,Not yet triaged
Non Functional Req,NFR-065,Data Analytics,Performance Optimization: The system should optimize extraction performance by selecting efficient queries and minimizing data volume and shall have compression techniques for large datasets as required. The system the should seamlessly support data handoff without impacting the performance of the system.,Non-mandatory,No,"Not applicable - no data-analytics extraction pipeline exists to optimize (see NFR-060). IST Health Tele-Triage remediation, questionnaire review pass 2026-08-04.",No,"Not applicable - no data-analytics extraction pipeline exists to optimize (see NFR-060). IST Health Tele-Triage remediation, questionnaire review pass 2026-08-04.",Valid N/A (candidate - verify),Pending Stage 2 evidence discovery,TBD,TBD,TBD,TBD,Pending,,No,No,Not yet triaged
Non Functional Req,NFR-066,Data Analytics,"Documentation: System shall provide required documentation for data handoff process, including field mappings and transformation rules in case the data is extracted from data warehouse.",Non-mandatory,No,"Not applicable - there is no data-analytics extraction process to optimize, since none exists (see NFR-060). IST Health Tele-Triage remediation, questionnaire review pass 2026-08-04.",No,"Not applicable - there is no data-analytics extraction process to optimize, since none exists (see NFR-060). IST Health Tele-Triage remediation, questionnaire review pass 2026-08-04.",Valid N/A (candidate - verify),Pending Stage 2 evidence discovery,TBD,TBD,TBD,TBD,Pending,,No,No,Not yet triaged
Non Functional Req,NFR-067,Data Management,Purging : Purging : System shall have the capability to purge data for each transaction/subsystem/service independently as per QR requirement and to ensure application performance does not degrade due to increased DB size,Non-mandatory,No,"Not applicable - no data-handoff documentation exists because no data-handoff process exists. IST Health Tele-Triage remediation, questionnaire review pass 2026-08-04.",No,"Not applicable - no data-handoff documentation exists because no data-handoff process exists. IST Health Tele-Triage remediation, questionnaire review pass 2026-08-04.",Valid N/A (candidate - verify),Pending Stage 2 evidence discovery,TBD,TBD,TBD,TBD,Pending,,No,No,Not yet triaged
Non Functional Req,NFR-068,Data Management,Archival : System shall have the capability to archive data for each transaction/subsystem/service independantly as per QR requirement,Non-mandatory,Partial,"A real, configurable-per-entity RetentionPolicy table now has one active, enforced row (TriageQueueItem/COMPLETED, 90-day window, code TRIAGE_QUEUE_ITEM_COMPLETED) driving the automated purge job - genuine per-entity configurability exists in the schema, but only one entity has an actual configured ",Partial,"A real, configurable-per-entity RetentionPolicy table now has one active, enforced row (TriageQueueItem/COMPLETED, 90-day window, code TRIAGE_QUEUE_ITEM_COMPLETED) driving the automated purge job - genuine per-entity configurability exists in the sch",Existing control - evidence missing (tentative),Pending Stage 2 evidence discovery,TBD,TBD,TBD,TBD,Pending,,Partial,Partial,Not yet triaged
Non Functional Req,NFR-069,Data Management,Archical and Purging policy  for each transaction/subsystem/service shall be configurable independantly.,Non-mandatory,No,"Same underlying gap as NFR-068 - only one entity (TriageQueueItem) has any retention/purge configuration; there is no per-subsystem independent policy for other entities yet. IST Health Tele-Triage remediation, questionnaire review pass 2026-08-04.",No,"Same underlying gap as NFR-068 - only one entity (TriageQueueItem) has any retention/purge configuration; there is no per-subsystem independent policy for other entities yet. IST Health Tele-Triage remediation, questionnaire review pass 2026-08-04.",Cannot currently comply,Pending Stage 2 evidence discovery,TBD,TBD,TBD,TBD,Pending,,No,No,Not yet triaged
Non Functional Req,NFR-070,Data Management,Archival & purging shall not impact the service performance ( including database within mobile apps),Non-mandatory,Yes,"The purge job runs as an isolated Cloud Run Job (separate compute from the live service) on a weekly schedule, dry-run by default - confirmed via repeated real executions this engagement that it never affects the live application's performance or availability. IST Health Tele-Triage remediation, que",Yes,none,Fully compliant,No action - already Yes,,,,,Existing (see remarks),"The purge job runs as an isolated Cloud Run Job (separate compute from the live service) on a weekly schedule, dry-run by default - confirmed via repeated real executions this engagement that it never",Yes,Yes,Closed
Non Functional Req,NFR-071,Data Management,Data Integrity Checks: Any corruption/missing application data to be flagged proactively by data integrity check scripts/programs  and ensure correction via self-heal / relevant process to arrest business/operational impacts.,Non-mandatory,No,"No proactive data-integrity-check script/job exists to flag corruption or missing data - real Postgres FK constraints prevent some classes of inconsistency, but there is no dedicated integrity-scan job. IST Health Tele-Triage remediation, questionnaire review pass 2026-08-04.",No,"No proactive data-integrity-check script/job exists to flag corruption or missing data - real Postgres FK constraints prevent some classes of inconsistency, but there is no dedicated integrity-scan job. IST Health Tele-Triage remediation, questionnai",Testing or validation closure,Pending Stage 2 evidence discovery,TBD,TBD,TBD,TBD,Pending,,No,No,Not yet triaged
Non Functional Req,NFR-072,Data Management,Data Consistency: Ensure data consistency through efficient and appropriate use of Transactions. Atomicity shall be honored while handling transactions and no partial/unintended updates should happen in the database.,Non-mandatory,Partial,"Postgres/Prisma guarantee ACID atomicity for individual writes (confirmed real - the underlying DB engine), but no code review has specifically verified every multi-step business transaction (e.g. claim+audit-write) is wrapped in an explicit DB transaction rather than sequential independent writes. ",Partial,"Postgres/Prisma guarantee ACID atomicity for individual writes (confirmed real - the underlying DB engine), but no code review has specifically verified every multi-step business transaction (e.g. claim+audit-write) is wrapped in an explicit DB trans",Existing control - evidence missing (tentative),Pending Stage 2 evidence discovery,TBD,TBD,TBD,TBD,Pending,,Partial,Partial,Not yet triaged
Non Functional Req,NFR-073,Data Management,"Test Data Management : Product shall support simulating production data in test environments , after masking the PII and other confidential data",Non-mandatory,Partial,"Test/demo environments use fully synthetic generated data (scripts/generate_synthetic_pdp_data.py, deterministic seed, real and verified this engagement) rather than masked production data - arguably a stronger privacy posture (no real PII ever leaves production at all), but not literally 'mask prod",Partial,"Test/demo environments use fully synthetic generated data (scripts/generate_synthetic_pdp_data.py, deterministic seed, real and verified this engagement) rather than masked production data - arguably a stronger privacy posture (no real PII ever leave",Existing control - evidence missing (tentative),Pending Stage 2 evidence discovery,TBD,TBD,TBD,TBD,Pending,,Partial,Partial,Not yet triaged
Non Functional Req,NFR-074,Data Migration,"Data Migration Support : Platform shall support tools to seamlessly migrate data from existing system onto the new platform.
Tool shall have the capability to extract and intelligently analyze the existing data, augment and update with sensible defaults as appropriate, before porting the data to new platform.",Non-mandatory,Partial,"Prisma migrate (schema migrations) plus custom loader scripts (e.g. loadStccMirror.ts) exist and were used repeatedly this engagement for real data loads - genuine, working tooling, but it is engineering-scripted, not a generalized self-service data-migration tool. IST Health Tele-Triage remediation",Partial,"Prisma migrate (schema migrations) plus custom loader scripts (e.g. loadStccMirror.ts) exist and were used repeatedly this engagement for real data loads - genuine, working tooling, but it is engineering-scripted, not a generalized self-service data-",Existing control - evidence missing (tentative),Pending Stage 2 evidence discovery,TBD,TBD,TBD,TBD,Pending,,Partial,Partial,Not yet triaged
Non Functional Req,NFR-075,Data Protection,"Data Sovereignty : Confirm that all data generated or stored in the SaaS/Cloud environment complies with Qatar Airways' legal, regulatory and data-protection requirements (QR to confirm applicable jurisdictions in Remarks).",Non-mandatory,Partial,"All current infrastructure (Cloud Run, Cloud SQL, Firebase Hosting) is provisioned in me-central1 (Doha, Qatar) - a real, strong technical answer - but no formal legal/regulatory data-sovereignty assessment has been performed; needs QR's own legal/compliance confirmation that this satisfies their sp",Partial,"All current infrastructure (Cloud Run, Cloud SQL, Firebase Hosting) is provisioned in me-central1 (Doha, Qatar) - a real, strong technical answer - but no formal legal/regulatory data-sovereignty assessment has been performed; needs QR's own legal/co",Privacy or legal closure,Pending Stage 2 evidence discovery,TBD,TBD,TBD,TBD,Pending,,Partial,Partial,Not yet triaged
Non Functional Req,NFR-076,Data Protection,"Data Encryption at Rest, Motion & In Use: Ensure that data transfer over network and at rest – database, files etc.  is encrypted ( including data stores within mobile applications)",Mandatory,Partial,"TLS in transit and Cloud SQL encryption at rest are both real, platform-provided defaults (confirmed). 'In use' (field-level/application-level encryption) is not implemented - see docs/soc2-data-governance-schema-status.md's explicit documentation of this as a deliberate, accepted gap. IST Health Te",Partial,"TLS in transit and Cloud SQL encryption at rest are both real, platform-provided defaults (confirmed). 'In use' (field-level/application-level encryption) is not implemented - see docs/soc2-data-governance-schema-status.md's explicit documentation of",Existing control - evidence missing (tentative),Pending Stage 2 evidence discovery,TBD,TBD,TBD,TBD,Pending,,Partial,Partial,Not yet triaged
Non Functional Req,NFR-077,Data Protection,"Data Spiking :  System shall have the capability to hide a particular entity in the system and activate only for designated users during specific emergency situations . Data to be hidden and list of designated users who can view the data , shall be configurable.
Application shall support API based integration for enabling/disabling of data spiking.",Non-mandatory,No,"No data-spiking capability (hiding/activating an entity for designated users during an emergency) exists anywhere in the codebase. IST Health Tele-Triage remediation, questionnaire review pass 2026-08-04.",No,"No data-spiking capability (hiding/activating an entity for designated users during an emergency) exists anywhere in the codebase. IST Health Tele-Triage remediation, questionnaire review pass 2026-08-04.",Cannot currently comply,Pending Stage 2 evidence discovery,TBD,TBD,TBD,TBD,Pending,,No,No,Not yet triaged
Non Functional Req,NFR-078,Data Protection,"PII Data : Ensure PII data is not stored in log files and is always encrypted in database ( including mobile apps ), using the keys from the vault",Mandatory,Partial,"No field-level PII encryption or systematic log-scrubbing audit exists to formally guarantee PII never lands in logs - however, the request-duration logging added this engagement (src/middleware/requestDuration.ts) deliberately logs only method/path/status/duration, never request/response bodies, so",Partial,"No field-level PII encryption or systematic log-scrubbing audit exists to formally guarantee PII never lands in logs - however, the request-duration logging added this engagement (src/middleware/requestDuration.ts) deliberately logs only method/path/",Existing control - evidence missing (tentative),Pending Stage 2 evidence discovery,TBD,TBD,TBD,TBD,Pending,,Partial,Partial,Not yet triaged
Non Functional Req,NFR-079,Data Protection,"Data Loss Prevention: Avoid downloading of data to local machines. e.g.: export to excel etc. for sensitive data.
If the downloaded data to be resent to another recipient, automate the complete flow as part of the process within application.",Mandatory,No,"No Data Loss Prevention controls exist - nothing in the application prevents a user with legitimate access from exporting or copying rendered clinical data locally. IST Health Tele-Triage remediation, questionnaire review pass 2026-08-04.",No,"No Data Loss Prevention controls exist - nothing in the application prevents a user with legitimate access from exporting or copying rendered clinical data locally. IST Health Tele-Triage remediation, questionnaire review pass 2026-08-04.",Cannot currently comply,Pending Stage 2 evidence discovery,TBD,TBD,TBD,TBD,Pending,,No,No,Not yet triaged
Non Functional Req,NFR-080,Data Protection,"File Upload : Confirm that the solution restricts file type and size, scans uploaded files for malicious content",Non-mandatory,No,"No file-upload feature exists in this application at all (the only file-like data handled is inbound Twilio message attachment metadata/URLs, HMAC-signature-verified, not a user-facing upload feature) - so file-type/size restriction and malware scanning are not applicable today. IST Health Tele-Tria",No,"No file-upload feature exists in this application at all (the only file-like data handled is inbound Twilio message attachment metadata/URLs, HMAC-signature-verified, not a user-facing upload feature) - so file-type/size restriction and malware scann",Valid N/A (candidate - verify),Pending Stage 2 evidence discovery,TBD,TBD,TBD,TBD,Pending,,No,No,Not yet triaged
Non Functional Req,NFR-081,Emerging Technologies,Adoption of Emerging technologies: System should leverage latest industry technologies like (but not limited to) AI/ML/Deep Learning to enhance functional capabilities and support decision making for QR group.,Non-mandatory,Partial,"A real RAG-shadow/semantic-similarity scoring feature exists (a local keyword/embedding-style comparison signal used only as an internal, non-decisioning comparison against the deterministic protocol match) - genuine AI/ML-adjacent capability, but explicitly shadow-only, never driving a live clinica",Partial,"A real RAG-shadow/semantic-similarity scoring feature exists (a local keyword/embedding-style comparison signal used only as an internal, non-decisioning comparison against the deterministic protocol match) - genuine AI/ML-adjacent capability, but ex",Existing control - evidence missing (tentative),Pending Stage 2 evidence discovery,TBD,TBD,TBD,TBD,Pending,,Partial,Partial,Not yet triaged
Non Functional Req,NFR-082,Emerging Technologies,"Adoption of Emerging technologies: System should adopt new/emerging technologies fast and in a timely manner, to enhance productivity and user experience",Non-mandatory,Partial,"The application stack itself is current (Node 20, TypeScript, React, Express, Prisma - all actively maintained, non-EOL versions, confirmed this engagement), but there is no formal, recurring process for evaluating and adopting new/emerging technologies beyond normal dependency updates. IST Health T",Partial,"The application stack itself is current (Node 20, TypeScript, React, Express, Prisma - all actively maintained, non-EOL versions, confirmed this engagement), but there is no formal, recurring process for evaluating and adopting new/emerging technolog",Existing control - evidence missing (tentative),Pending Stage 2 evidence discovery,TBD,TBD,TBD,TBD,Pending,,Partial,Partial,Not yet triaged
Non Functional Req,NFR-083,Environments,"Environments : System shall have the minimum mandated non-production environments, which are SIT , UAT & Stage, with SLA of at least 99% availability",Non-mandatory,Partial,"Two real, distinct environments exist today (demo/customer-facing and soc2/staging), each independently deployed and verified - but they are not formally named/labeled SIT/UAT/Stage, and no explicit availability SLA has been defined for either non-production environment. docs/non-production-environm",Partial,"Two real, distinct environments exist today (demo/customer-facing and soc2/staging), each independently deployed and verified - but they are not formally named/labeled SIT/UAT/Stage, and no explicit availability SLA has been defined for either non-pr",Existing control - evidence missing (tentative),Pending Stage 2 evidence discovery,TBD,TBD,TBD,TBD,Pending,,Partial,Partial,Not yet triaged
Non Functional Req,NFR-084,Environments,"Environments: Sytem shall support the need for additional environments like NFR, Training etc. as per QR requirements.",Non-mandatory,Partial,"Standing up an additional environment is a real, demonstrated, repeatable process this engagement (the soc2 environment itself was created following this pattern: new Cloud SQL DB, Secret Manager secrets, Cloud Run service, Firebase Hosting target) - but it requires engineering effort each time, not",Partial,"Standing up an additional environment is a real, demonstrated, repeatable process this engagement (the soc2 environment itself was created following this pattern: new Cloud SQL DB, Secret Manager secrets, Cloud Run service, Firebase Hosting target) -",Existing control - evidence missing (tentative),Pending Stage 2 evidence discovery,TBD,TBD,TBD,TBD,Pending,,Partial,Partial,Not yet triaged
Non Functional Req,NFR-085,Environments,Testability : Platform shall support testing of new upgrades in  SIT (System Integration Test )  & UAT ( User Acceptance Test)  environments.,Non-mandatory,Yes,"The soc2 environment has been used exactly this way throughout this engagement - every fix is verified there via canary-then-cutover before being considered done, a real, repeatedly-demonstrated integration/acceptance testing environment. IST Health Tele-Triage remediation, questionnaire review pass",Yes,none,Fully compliant,No action - already Yes,,,,,Existing (see remarks),"The soc2 environment has been used exactly this way throughout this engagement - every fix is verified there via canary-then-cutover before being considered done, a real, repeatedly-demonstrated integ",Yes,Yes,Closed
Non Functional Req,NFR-086,Extensibility,"Extensibility : Product shall support capabilities to extend additional functionalities  to the core product by QR IT in a non-intrusive manner, without impacting the core product features.",Non-mandatory,No,"No plugin/extension framework exists for QR IT to add functionality without modifying the core codebase - this is a single, bespoke application, not an extensible platform product. IST Health Tele-Triage remediation, questionnaire review pass 2026-08-04.",No,"No plugin/extension framework exists for QR IT to add functionality without modifying the core codebase - this is a single, bespoke application, not an extensible platform product. IST Health Tele-Triage remediation, questionnaire review pass 2026-08",Cannot currently comply,Pending Stage 2 evidence discovery,TBD,TBD,TBD,TBD,Pending,,No,No,Not yet triaged
Non Functional Req,NFR-087,Extensibility,Bespoke Customization : Platform shall be able to support QR specific bespoke customization on the core product which will be available only for QR Tenant,Non-mandatory,No,"Same as NFR-086 - there is no separate 'QR-only customization layer'; the codebase is the product. IST Health Tele-Triage remediation, questionnaire review pass 2026-08-04.",No,"Same as NFR-086 - there is no separate 'QR-only customization layer'; the codebase is the product. IST Health Tele-Triage remediation, questionnaire review pass 2026-08-04.",Cannot currently comply,Pending Stage 2 evidence discovery,TBD,TBD,TBD,TBD,Pending,,No,No,Not yet triaged
Non Functional Req,NFR-088,Extensibility,"Blue green/ Canary Deployment  : System shall support staggered deployments like Blue green / Canary for customizations carried out on the core product
Platform shall have capability to support beta launch environment and release the production changes to set of trial users for validation before full roll out.",Non-mandatory,Yes,"Blue-green/canary deployment is real and was used for every single deploy this engagement (deploy with --no-traffic, health-check the canary URL directly, only then migrate traffic) - not a claim, a demonstrated, repeated pattern. IST Health Tele-Triage remediation, questionnaire review pass 2026-08",Yes,none,Fully compliant,No action - already Yes,,,,,Existing (see remarks),"Blue-green/canary deployment is real and was used for every single deploy this engagement (deploy with --no-traffic, health-check the canary URL directly, only then migrate traffic) - not a claim, a d",Yes,Yes,Closed
Non Functional Req,NFR-089,Extensibility,Deployment Roll back  :  Pipelines shall have the capability to roll back a failed/erroneous deployment to last successful build  ( Both application and DB changes ),Non-mandatory,Yes,"Rolling back is a real, demonstrated capability - Cloud Run keeps prior revisions, and `gcloud run services update-traffic --to-revisions=<previous>` reverts traffic instantly without a rebuild; the canary pattern itself is designed so a bad deploy never receives traffic in the first place. IST Heal",Yes,none,Fully compliant,No action - already Yes,,,,,Existing (see remarks),"Rolling back is a real, demonstrated capability - Cloud Run keeps prior revisions, and `gcloud run services update-traffic --to-revisions=<previous>` reverts traffic instantly without a rebuild; the c",Yes,Yes,Closed
Non Functional Req,NFR-090,Extensibility,"Technology : Extending/customizing the product capabilities shall be supported by standard and popular programming languages  ( Angular, Java, .NET etc.) and avoid learning curve/skill challenges  associated with proprietary technology stack/programming language.",Non-mandatory,No,"There is no plugin/customization layer for QR IT to build against (see NFR-086), so 'supported customization languages' is not applicable to this bespoke architecture. IST Health Tele-Triage remediation, questionnaire review pass 2026-08-04.",No,"There is no plugin/customization layer for QR IT to build against (see NFR-086), so 'supported customization languages' is not applicable to this bespoke architecture. IST Health Tele-Triage remediation, questionnaire review pass 2026-08-04.",Valid N/A (candidate - verify),Pending Stage 2 evidence discovery,TBD,TBD,TBD,TBD,Pending,,No,No,Not yet triaged
Non Functional Req,NFR-091,Extensibility,"Open Standards : Platform shall support customization using open standards for message, cache etc.",Non-mandatory,No,"Not applicable - no customization framework or open-standard extension points exist, since there is no plugin/extension layer at all. IST Health Tele-Triage remediation, questionnaire review pass 2026-08-04.",No,"Not applicable - no customization framework or open-standard extension points exist, since there is no plugin/extension layer at all. IST Health Tele-Triage remediation, questionnaire review pass 2026-08-04.",Valid N/A (candidate - verify),Pending Stage 2 evidence discovery,TBD,TBD,TBD,TBD,Pending,,No,No,Not yet triaged
Non Functional Req,NFR-092,Extensibility,Database choice  : Database for all customization requirements shall support SQL/No SQL as per the nature of customization and avoid any constraints or locking to specific database.,Non-mandatory,No,"Not applicable - same reason as NFR-089/091. IST Health Tele-Triage remediation, questionnaire review pass 2026-08-04.",No,"Not applicable - same reason as NFR-089/091. IST Health Tele-Triage remediation, questionnaire review pass 2026-08-04.",Valid N/A (candidate - verify),Pending Stage 2 evidence discovery,TBD,TBD,TBD,TBD,Pending,,No,No,Not yet triaged
Non Functional Req,NFR-093,Extensibility,"Isolation :Platform shall support design, development and roll out of the customizations/enhancements independently and also support configurability on enabling/disabling the extensions as per QR requirements . (Feature toggling/flags)",Non-mandatory,Partial,"Canary-then-cutover deployment and CI typechecking/testing provide real guardrails against a bad core-product upgrade breaking things - but there is no separate 'customization isolation' concept, since customizations aren't a distinct layer in this architecture. IST Health Tele-Triage remediation, q",Partial,"Canary-then-cutover deployment and CI typechecking/testing provide real guardrails against a bad core-product upgrade breaking things - but there is no separate 'customization isolation' concept, since customizations aren't a distinct layer in this a",Existing control - evidence missing (tentative),Pending Stage 2 evidence discovery,TBD,TBD,TBD,TBD,Pending,,Partial,Partial,Not yet triaged
Non Functional Req,NFR-094,Extensibility,Compatibility with product upgrades  : Platform should set necessary guard rails for any customization /extension of core product to ensure that  upgrade of core product would be independent and not constraint due to the customizations carried.,Non-mandatory,No,"Not applicable - no separate customization layer exists to guard compatibility for. IST Health Tele-Triage remediation, questionnaire review pass 2026-08-04.",No,"Not applicable - no separate customization layer exists to guard compatibility for. IST Health Tele-Triage remediation, questionnaire review pass 2026-08-04.",Valid N/A (candidate - verify),Pending Stage 2 evidence discovery,TBD,TBD,TBD,TBD,Pending,,No,No,Not yet triaged
Non Functional Req,NFR-095,Extensibility,Compliance with product architecture vision & principles: Automated code quality checks shall ensure recommended best practices for product customizations are not violated and compliant with the core product architecture principles,Non-mandatory,Partial,"Automated CI quality gates exist and are real (typecheck, full test suite, `pnpm audit` blocking on high/critical vulnerabilities, SBOM generation) - but they apply to the whole product, not a distinct 'customization code' pipeline, since none exists. IST Health Tele-Triage remediation, questionnair",Partial,"Automated CI quality gates exist and are real (typecheck, full test suite, `pnpm audit` blocking on high/critical vulnerabilities, SBOM generation) - but they apply to the whole product, not a distinct 'customization code' pipeline, since none exists",Existing control - evidence missing (tentative),Pending Stage 2 evidence discovery,TBD,TBD,TBD,TBD,Pending,,Partial,Partial,Not yet triaged
Non Functional Req,NFR-096,Extensibility,"DevSecOps: Platform shall support robust build pipeline for compile, build & deployment of the customization code into non-prod and production environment",Non-mandatory,Partial,"The Docker build-validation CI step (added 2026-08-04) and the GitHub branch-protection rule requiring CI to pass are real automated build/deploy gates - but the actual deploy step itself remains a manual `gcloud builds submit` + canary-cutover, not a fully automated CI/CD pipeline end-to-end. IST H",Partial,"The Docker build-validation CI step (added 2026-08-04) and the GitHub branch-protection rule requiring CI to pass are real automated build/deploy gates - but the actual deploy step itself remains a manual `gcloud builds submit` + canary-cutover, not ",Existing control - evidence missing (tentative),Pending Stage 2 evidence discovery,TBD,TBD,TBD,TBD,Pending,,Partial,Partial,Not yet triaged
Non Functional Req,NFR-097,Extensibility,"Quality Gates :
Automated Pipelines shall support quality gates for code quality, security vulnerabilities (static and dynamic) , license compliance, performance and automation test cases for all customizations carried out on the product and the reports whoud lbe accessibel to QR.",Non-mandatory,Partial,"Same evidence as NFR-095 - real automated code-quality/security/dependency gates exist in CI (typecheck, tests, `pnpm audit`, SBOM); there is no separate license-compliance automated check yet (see NFR-056). IST Health Tele-Triage remediation, questionnaire review pass 2026-08-04.",Partial,"Same evidence as NFR-095 - real automated code-quality/security/dependency gates exist in CI (typecheck, tests, `pnpm audit`, SBOM); there is no separate license-compliance automated check yet (see NFR-056). IST Health Tele-Triage remediation, questi",Existing control - evidence missing (tentative),Pending Stage 2 evidence discovery,TBD,TBD,TBD,TBD,Pending,,Partial,Partial,Not yet triaged
Non Functional Req,NFR-098,Extensibility,Support for extending Mobility solutions : Platform shall support customizing the mobile solutions available as part of the product as per QR business and branding requirements,Non-mandatory,No,"No native mobile solution exists in this product, so mobility-specific extension support is not applicable. IST Health Tele-Triage remediation, questionnaire review pass 2026-08-04.",No,"No native mobile solution exists in this product, so mobility-specific extension support is not applicable. IST Health Tele-Triage remediation, questionnaire review pass 2026-08-04.",Valid N/A (candidate - verify),Pending Stage 2 evidence discovery,TBD,TBD,TBD,TBD,Pending,,No,No,Not yet triaged
Non Functional Req,NFR-099,Extensibility,"Developer Productivity :
Tools and platform made available for developer to carry out the customization should address all cross-cutting concerns and avoid any boiler plate code to be coded by developer.",Non-mandatory,No,"Not applicable - there is no separate developer-productivity tooling layer for 'customization', since there is no customization framework (see NFR-086). IST Health Tele-Triage remediation, questionnaire review pass 2026-08-04.",No,"Not applicable - there is no separate developer-productivity tooling layer for 'customization', since there is no customization framework (see NFR-086). IST Health Tele-Triage remediation, questionnaire review pass 2026-08-04.",Valid N/A (candidate - verify),Pending Stage 2 evidence discovery,TBD,TBD,TBD,TBD,Pending,,No,No,Not yet triaged
Non Functional Req,NFR-100,Extensibility,"Observability: All customization shall be compliant with the “Observability, Monitoring & Alerts”  requirements section in this document",Non-mandatory,Yes,"Any change to this application (there being no separate 'customization' layer) is automatically covered by the same real observability added this engagement (request-duration logging, Cloud Monitoring alerts, structured audit events) - there is no separate customization surface that would be exempt.",Yes,none,Fully compliant,No action - already Yes,,,,,Existing (see remarks),"Any change to this application (there being no separate 'customization' layer) is automatically covered by the same real observability added this engagement (request-duration logging, Cloud Monitoring",Yes,Yes,Closed
Non Functional Req,NFR-101,Hosting,"Hosting : Confirm the solution is available as SaaS, Public Cloud and/or Private Cloud. List all supported hosting models.",Non-mandatory,Yes,"The solution is hosted as a real public-cloud deployment on GCP Cloud Run + Firebase Hosting + Cloud SQL - a genuine, verified hosting model, not a private/on-prem/SaaS-vendor arrangement. IST Health Tele-Triage remediation, questionnaire review pass 2026-08-04.",Yes,none,Fully compliant,No action - already Yes,,,,,Existing (see remarks),"The solution is hosted as a real public-cloud deployment on GCP Cloud Run + Firebase Hosting + Cloud SQL - a genuine, verified hosting model, not a private/on-prem/SaaS-vendor arrangement. IST Health ",Yes,Yes,Closed
Non Functional Req,NFR-102,Hosting,Hosting : Specify all geographic locations (region and city) where the proposed solution is available for hosting.,Non-mandatory,Partial,"Currently hosted in exactly one primary region (me-central1, Doha, Qatar) plus one cross-region DB read replica (asia-south1, Mumbai) - a real, specific answer, but only 2 regions total, not a broad multi-region hosting menu. IST Health Tele-Triage remediation, questionnaire review pass 2026-08-04.",Partial,"Currently hosted in exactly one primary region (me-central1, Doha, Qatar) plus one cross-region DB read replica (asia-south1, Mumbai) - a real, specific answer, but only 2 regions total, not a broad multi-region hosting menu. IST Health Tele-Triage r",Existing control - evidence missing (tentative),Pending Stage 2 evidence discovery,TBD,TBD,TBD,TBD,Pending,,Partial,Partial,Not yet triaged
Non Functional Req,NFR-103,Hosting,"Hosting : Confirm whether the solution can be hosted within the State of Qatar and, if yes, list the specific data centre(s).",Non-mandatory,Yes,"Yes - the primary region (me-central1) is physically located within the State of Qatar (Doha), confirmed real infrastructure, not a claim. IST Health Tele-Triage remediation, questionnaire review pass 2026-08-04.",Yes,none,Fully compliant,No action - already Yes,,,,,Existing (see remarks),"Yes - the primary region (me-central1) is physically located within the State of Qatar (Doha), confirmed real infrastructure, not a claim. IST Health Tele-Triage remediation, questionnaire review pass",Yes,Yes,Closed
Non Functional Req,NFR-104,Hosting,Hosting : Confirm whether data replication for Disaster Recovery will occur across different geographic locations and list the replication pairs.,Non-mandatory,Partial,"A cross-region Cloud SQL read replica now exists (ist-triage-postgres-dr-mumbai, asia-south1/Mumbai), continuously replicating from the primary in me-central1/Doha, closing the prior 'no cross-region replication at all' gap. Not yet complete: no standby application (Cloud Run/Hosting) tier exists in",Partial,"A cross-region Cloud SQL read replica now exists (ist-triage-postgres-dr-mumbai, asia-south1/Mumbai), continuously replicating from the primary in me-central1/Doha, closing the prior 'no cross-region replication at all' gap. Not yet complete: no stan",Existing control - evidence missing (tentative),Pending Stage 2 evidence discovery,TBD,TBD,TBD,TBD,Pending,,Partial,Partial,Not yet triaged
Non Functional Req,NFR-105,Integration,"System Shall Natively Integrated with all proposed solutions to ensure streamlined processes, real-time data flow, simplified mantainence, enhanced efficiency and cohesive user experience",Non-mandatory,Partial,"Real integrations exist and work (Twilio for voice/SMS with HMAC-verified inbound webhooks, a mock HRMS/EMR adapter layer) - but 'natively integrated with all proposed solutions' is a COTS-vendor-style claim that doesn't map cleanly onto this bespoke system; each integration was built specifically f",Partial,"Real integrations exist and work (Twilio for voice/SMS with HMAC-verified inbound webhooks, a mock HRMS/EMR adapter layer) - but 'natively integrated with all proposed solutions' is a COTS-vendor-style claim that doesn't map cleanly onto this bespoke",Existing control - evidence missing (tentative),Pending Stage 2 evidence discovery,TBD,TBD,TBD,TBD,Pending,,Partial,Partial,Not yet triaged
Non Functional Req,NFR-106,Integration,"System shall have the capability to integrate with other systems using modern integration techniques - REST API based or Event driven Async.
Traditional way of interfaces like DB links and FTP shall not be mandatory.",Non-mandatory,Partial,"All integrations are REST-based (confirmed) - there is no event-driven/asynchronous messaging integration pattern implemented. IST Health Tele-Triage remediation, questionnaire review pass 2026-08-04.",Partial,"All integrations are REST-based (confirmed) - there is no event-driven/asynchronous messaging integration pattern implemented. IST Health Tele-Triage remediation, questionnaire review pass 2026-08-04.",Existing control - evidence missing (tentative),Pending Stage 2 evidence discovery,TBD,TBD,TBD,TBD,Pending,,Partial,Partial,Not yet triaged
Non Functional Req,NFR-107,Integration,"Event Based :
-	Intuitive UI shall be available for admins to configure such events with no overheads / code changes.",Non-mandatory,No,"No admin UI exists to configure integration events without code changes - integration endpoints and behavior are fixed in source code. IST Health Tele-Triage remediation, questionnaire review pass 2026-08-04.",No,"No admin UI exists to configure integration events without code changes - integration endpoints and behavior are fixed in source code. IST Health Tele-Triage remediation, questionnaire review pass 2026-08-04.",Cannot currently comply,Pending Stage 2 evidence discovery,TBD,TBD,TBD,TBD,Pending,,No,No,Not yet triaged
Non Functional Req,NFR-108,Integration,"Open Standards : 
-	All Integrations shall be based on open messaging standards (like JMS ) and formats ( JSON ). Proprietary messaging technologies and formats shall be avoided.",Non-mandatory,Partial,"All APIs use JSON (open, standard format, confirmed) - there is no message-queue-based integration (JMS or equivalent) anywhere in the system, since all integration today is synchronous REST/webhook. IST Health Tele-Triage remediation, questionnaire review pass 2026-08-04.",Partial,"All APIs use JSON (open, standard format, confirmed) - there is no message-queue-based integration (JMS or equivalent) anywhere in the system, since all integration today is synchronous REST/webhook. IST Health Tele-Triage remediation, questionnaire ",Existing control - evidence missing (tentative),Pending Stage 2 evidence discovery,TBD,TBD,TBD,TBD,Pending,,Partial,Partial,Not yet triaged
Non Functional Req,NFR-109,Integration,"Loosely coupled : Ensure integrations with external systems are loosely coupled as much as possible (async), and ensure that unavailability of external system does not impact the available of the product or vice versa.",Non-mandatory,No,"Integrations (Twilio webhook, HRMS/EMR adapters) are synchronous request/response calls, not async/loosely-coupled - an external system being unavailable would surface as an immediate failure, not a queued retry. IST Health Tele-Triage remediation, questionnaire review pass 2026-08-04.",No,"Integrations (Twilio webhook, HRMS/EMR adapters) are synchronous request/response calls, not async/loosely-coupled - an external system being unavailable would surface as an immediate failure, not a queued retry. IST Health Tele-Triage remediation, q",Cannot currently comply,Pending Stage 2 evidence discovery,TBD,TBD,TBD,TBD,Pending,,No,No,Not yet triaged
Non Functional Req,NFR-110,Integration,Fall back options :  Product shall have capability to fall back to alternate means of data if source system is not available or operate based on last known values and there by ensure resilient operation without interruptions.,Non-mandatory,No,"No fallback-to-alternate-source or last-known-good-data capability exists if an external system (e.g. the HRMS adapter) is unavailable. IST Health Tele-Triage remediation, questionnaire review pass 2026-08-04.",No,"No fallback-to-alternate-source or last-known-good-data capability exists if an external system (e.g. the HRMS adapter) is unavailable. IST Health Tele-Triage remediation, questionnaire review pass 2026-08-04.",Cannot currently comply,Pending Stage 2 evidence discovery,TBD,TBD,TBD,TBD,Pending,,No,No,Not yet triaged
Non Functional Req,NFR-111,Integration,"Interface watcher : All incoming and outgoing data to be logged before processing for debug/tracing purpose along with timestamp , sender and receiver details. 
This logging shall be independent of the processing of the messages and shall not affect the overall performance",Non-mandatory,Partial,"Inbound Twilio webhook payloads ARE persisted before processing (InboundWebhookRecord, with timestamp, sender, recipient - src/services/ccpCommunication.ts) - a real partial match to 'log before processing' for that one integration; not implemented as a generic cross-cutting interface watcher for ev",Partial,"Inbound Twilio webhook payloads ARE persisted before processing (InboundWebhookRecord, with timestamp, sender, recipient - src/services/ccpCommunication.ts) - a real partial match to 'log before processing' for that one integration; not implemented a",Existing control - evidence missing (tentative),Pending Stage 2 evidence discovery,TBD,TBD,TBD,TBD,Pending,,Partial,Partial,Not yet triaged
Non Functional Req,NFR-112,Integration,"Resiliency : System shall have capability to retry failed interface invocations due to transient failures like network failures for specific configured number of times.
Integrations shall support backpressure to ensure downstream systems are not are not choked by incoming requests",Non-mandatory,Partial,"Partial - the EMR/FHIR writeback integration (src/integration/fhirWriteback.ts) retries a transient failure (network error or 5xx) up to 3 attempts with exponential backoff (250ms/500ms) before failing; a 4xx is never retried. A second, shared retry/backoff utility (src/utils/httpRetry.ts, same tran",Partial,"Partial - the EMR/FHIR writeback integration (src/integration/fhirWriteback.ts) retries a transient failure (network error or 5xx) up to 3 attempts with exponential backoff (250ms/500ms) before failing; a 4xx is never retried. A second, shared retry/",Existing control - evidence missing (tentative),Pending Stage 2 evidence discovery,TBD,TBD,TBD,TBD,Pending,,Partial,Partial,Not yet triaged
Non Functional Req,NFR-113,Integration,Gateway: System shall have the capability to route all interfaces through common gateway for centralized monitoring and dependency analysis.,Non-mandatory,No,"No common integration gateway exists for centralized monitoring/dependency analysis - each integration (Twilio, HRMS/EMR) is called directly from its own service module. IST Health Tele-Triage remediation, questionnaire review pass 2026-08-04.",No,"No common integration gateway exists for centralized monitoring/dependency analysis - each integration (Twilio, HRMS/EMR) is called directly from its own service module. IST Health Tele-Triage remediation, questionnaire review pass 2026-08-04.",Cannot currently comply,Pending Stage 2 evidence discovery,TBD,TBD,TBD,TBD,Pending,,No,No,Not yet triaged
Non Functional Req,NFR-114,Technology Standards,"System shall be developed using the latest stable and widely supported technology stack, adhering to current industry standards and best practices. The technology stack must comply to ensure longevity, maintainability, and compability with future enhancements.",Non-mandatory,Yes,"Confirmed current, actively-maintained stack: Node 20, TypeScript 5.x, React 18, Express 4, Prisma 5 - no EOL runtime or framework in use. IST Health Tele-Triage remediation, questionnaire review pass 2026-08-04.",Yes,none,Fully compliant,No action - already Yes,,,,,Existing (see remarks),"Confirmed current, actively-maintained stack: Node 20, TypeScript 5.x, React 18, Express 4, Prisma 5 - no EOL runtime or framework in use. IST Health Tele-Triage remediation, questionnaire review pass",Yes,Yes,Closed
Non Functional Req,NFR-115,Technology Standards,"System shall avoid deprecated or end-of-life frameworks, libraries or tools.",Non-mandatory,Yes,"`pnpm audit` runs in CI and blocks the build on any high/critical vulnerability in a dependency (confirmed real, added this engagement) - a genuine automated check against outdated/vulnerable packages, not just a manual claim. IST Health Tele-Triage remediation, questionnaire review pass 2026-08-04.",Yes,none,Fully compliant,No action - already Yes,,,,,Existing (see remarks),"`pnpm audit` runs in CI and blocks the build on any high/critical vulnerability in a dependency (confirmed real, added this engagement) - a genuine automated check against outdated/vulnerable packages",Yes,Yes,Closed
Non Functional Req,NFR-116,"Observability, Monitoring & Alerts","Comprehensive observability platform : Logs, Traces & Metrics shall be available real time and accessible by application / QR SRE team for debug and monitoring purpose for all fucntionalities across all layers/tiers of the application

This will include below critical information but not limited to
-	User 
-	Service details
-	Timestamp
-	Performance
-	Error Trace
-	Session Details
-	Channel
-	Browser, OS, Location details",Mandatory,Yes,"Real logs (structured request-duration JSON lines) and metrics (Cloud Monitoring: latency p95, error rate, saturation, uptime) exist and are queryable. The existing request-ID correlation middleware (src/middleware/requestId.ts) is now also propagated as an X-Request-Id header on every outbound QHIE",Yes,none,Fully compliant,No action - already Yes,,,,,Existing (see remarks),"Real logs (structured request-duration JSON lines) and metrics (Cloud Monitoring: latency p95, error rate, saturation, uptime) exist and are queryable. The existing request-ID correlation middleware (",Yes,Yes,Closed
Non Functional Req,NFR-117,"Observability, Monitoring & Alerts","Observability platform shall support quick search and deep dive capabilities on all logs, traces and apm & metrics data collected from the application with respect to a user/error scenario.",Non-mandatory,Partial,"Cloud Logging supports real full-text/structured search across the logs that do exist (a genuine GCP capability already in use this engagement) - there is no dedicated tracing data to search, since no distributed tracing exists. IST Health Tele-Triage remediation, questionnaire review pass 2026-08-0",Partial,"Cloud Logging supports real full-text/structured search across the logs that do exist (a genuine GCP capability already in use this engagement) - there is no dedicated tracing data to search, since no distributed tracing exists. IST Health Tele-Triag",Existing control - evidence missing (tentative),Pending Stage 2 evidence discovery,TBD,TBD,TBD,TBD,Pending,,Partial,Partial,Not yet triaged
Non Functional Req,NFR-118,"Observability, Monitoring & Alerts","System shall have the capability to raise alerts in case of any anomalies like (but not limited to) Increased error rates, SLA drop, performance drop, transaction drop etc",Mandatory,Partial,"Real anomaly alert policies now exist (5xx error-rate, p95 latency, Cloud SQL/Cloud Run saturation, uptime failure - all added/verified this engagement) - narrower than 'any anomaly', but genuine and verified, not aspirational. IST Health Tele-Triage remediation, questionnaire review pass 2026-08-04",Partial,"Real anomaly alert policies now exist (5xx error-rate, p95 latency, Cloud SQL/Cloud Run saturation, uptime failure - all added/verified this engagement) - narrower than 'any anomaly', but genuine and verified, not aspirational. IST Health Tele-Triage",Existing control - evidence missing (tentative),Pending Stage 2 evidence discovery,TBD,TBD,TBD,TBD,Pending,,Partial,Partial,Not yet triaged
Non Functional Req,NFR-119,"Observability, Monitoring & Alerts","System shall have the capability to configure the thresholds for the alerts in case of any anomalies like (but not limited to) error rates, SLA , performance and transaction count",Mandatory,Partial,"Alert thresholds are real and explicitly set (e.g. 80% of Cloud SQL max_connections, p95 > 3000ms) - configured via Terraform/gcloud by an engineer, not exposed as a QR-facing configurable setting. IST Health Tele-Triage remediation, questionnaire review pass 2026-08-04.",Partial,"Alert thresholds real but engineer-configured, not QR-facing",Production execution required,Would require live GCP Monitoring policy write access exposed to QR - out of scope without a customer-facing config UI/API decision,Cloud architect + product,Business decision: build a QR-facing config surface?,L,Med (prod alert-policy writes),N/A until scoped,docs/qr-questionnaire-backlog-tracker.md 2026-08-05 entry,Partial,Partial,Flagged - blocked
Non Functional Req,NFR-120,"Observability, Monitoring & Alerts",System shall have capability to integrate alerts by pushing the alerts in real-time via secure and reliable channels like http,Non-mandatory,Yes,"A real email notification channel (Triage Ops Email) is wired to every alert policy created this engagement - a genuine secure delivery channel, confirmed active. IST Health Tele-Triage remediation, questionnaire review pass 2026-08-04.",Yes,none,Fully compliant,No action - already Yes,,,,,Existing (see remarks),"A real email notification channel (Triage Ops Email) is wired to every alert policy created this engagement - a genuine secure delivery channel, confirmed active. IST Health Tele-Triage remediation, q",Yes,Yes,Closed
Non Functional Req,NFR-121,"Observability, Monitoring & Alerts","Monitoring dashboards shall be available to QR with realtime information for key metices like (but not limited to) error rates, SLA , transaction performance metrics and transaction count",Non-mandatory,No,"No monitoring dashboard is exposed to Qatar Airways today - alerting exists, but there is no QR-facing dashboard (only internal GCP Console access, which QR does not have). IST Health Tele-Triage remediation, questionnaire review pass 2026-08-04.",No,"No monitoring dashboard is exposed to Qatar Airways today - alerting exists, but there is no QR-facing dashboard (only internal GCP Console access, which QR does not have). IST Health Tele-Triage remediation, questionnaire review pass 2026-08-04.",Cannot currently comply,Pending Stage 2 evidence discovery,TBD,TBD,TBD,TBD,Pending,,No,No,Not yet triaged
Non Functional Req,NFR-122,"Observability, Monitoring & Alerts",QR shall have access to all the monitoring dashboards in real time,Non-mandatory,No,"Same as NFR-121 - QR has no access to any monitoring dashboard today. IST Health Tele-Triage remediation, questionnaire review pass 2026-08-04.",No,"Same as NFR-121 - QR has no access to any monitoring dashboard today. IST Health Tele-Triage remediation, questionnaire review pass 2026-08-04.",Cannot currently comply,Pending Stage 2 evidence discovery,TBD,TBD,TBD,TBD,Pending,,No,No,Not yet triaged
Non Functional Req,NFR-123,"Observability, Monitoring & Alerts",System shall have capability to generate scheduled reports via email for the key metrices mentioned above,Non-mandatory,Yes,The monthly SLI/SLO report generator (scripts/generateMonthlySliReport.mjs) now emails its real report content via the existing MicrosoftGraphEmailAdapter when SLI_REPORT_RECIPIENT_EMAIL is set (and CCP_TRANSPORT_MODE=live + real MS_GRAPH_* secrets are configured) - reusing the same safe-by-default ,Yes,none,Fully compliant,No action - already Yes,,,,,Existing (see remarks),The monthly SLI/SLO report generator (scripts/generateMonthlySliReport.mjs) now emails its real report content via the existing MicrosoftGraphEmailAdapter when SLI_REPORT_RECIPIENT_EMAIL is set (and C,Yes,Yes,Closed
Non Functional Req,NFR-124,"Observability, Monitoring & Alerts","Synthetic Transactions : Product shall have the capability to trigger synthetic transactions on all transactions in the product to validate the availability & performance of services against the SLAs and corrective actions to be taken if there is any breach in SLA, before the issue is faced by end user.",Non-mandatory,Partial,"Partial - real uptime checks now exist (ist-triage-soc2 uptime failure / ist-triage-demo uptime failure alert policies, confirmed live) that periodically probe the service and alert on failure - a basic synthetic transaction. This is a single health-endpoint check, not a synthetic transaction coveri",Partial,"Partial - real uptime checks now exist (ist-triage-soc2 uptime failure / ist-triage-demo uptime failure alert policies, confirmed live) that periodically probe the service and alert on failure - a basic synthetic transaction. This is a single health-",Existing control - evidence missing (tentative),Pending Stage 2 evidence discovery,TBD,TBD,TBD,TBD,Pending,,Partial,Partial,Not yet triaged
Non Functional Req,NFR-125,"Observability, Monitoring & Alerts",Business Metrics: Alerts based on business KPI to be configured to detect any anomalies/dip in expected number of transactions,Non-mandatory,No,"No business-KPI-based anomaly alerting exists - the real alert policies in place (5xx error rate, p95 latency, Cloud SQL/Cloud Run saturation, uptime) are infrastructure/reliability signals, not a dip-in-expected-transaction-volume business metric. Building that would require establishing a real exp",No,"No business-KPI-based anomaly alerting exists - the real alert policies in place (5xx error rate, p95 latency, Cloud SQL/Cloud Run saturation, uptime) are infrastructure/reliability signals, not a dip-in-expected-transaction-volume business metric. B",Cannot currently comply,Pending Stage 2 evidence discovery,TBD,TBD,TBD,TBD,Pending,,No,No,Not yet triaged
Non Functional Req,NFR-126,"Observability, Monitoring & Alerts",Log purging : Historical log data to be purged as per application requirement.,Non-mandatory,Partial,Cloud Run's default request logging is proactively exported to a durable archive with a 1-year auto-delete lifecycle (added this engagement) - this covers archival/eventual purge of the durable copy; Cloud Logging's own shorter-lived default retention (~30 days) purges automatically as a GCP platfor,Partial,Cloud Run's default request logging is proactively exported to a durable archive with a 1-year auto-delete lifecycle (added this engagement) - this covers archival/eventual purge of the durable copy; Cloud Logging's own shorter-lived default retentio,Existing control - evidence missing (tentative),Pending Stage 2 evidence discovery,TBD,TBD,TBD,TBD,Pending,,Partial,Partial,Not yet triaged
Non Functional Req,NFR-127,"Observability, Monitoring & Alerts",Log archival : Historical log data to be archived as per application requirement.,Non-mandatory,Yes,"A real Cloud Logging sink now exports both services' logs to a Cloud Storage bucket with a 365-day lifecycle delete rule (added and verified this engagement, docs/sli-slo-definitions.md) - genuine log archival, not a plan. IST Health Tele-Triage remediation, questionnaire review pass 2026-08-04.",Yes,none,Fully compliant,No action - already Yes,,,,,Existing (see remarks),"A real Cloud Logging sink now exports both services' logs to a Cloud Storage bucket with a 365-day lifecycle delete rule (added and verified this engagement, docs/sli-slo-definitions.md) - genuine log",Yes,Yes,Closed
Non Functional Req,NFR-128,"Observability, Monitoring & Alerts",Performance monitoring : System shall have the capability to monitor services and their performance in real time,Non-mandatory,Partial,"Real-time performance monitoring exists via Cloud Run/Cloud SQL's native metrics plus the custom request-duration/p95-latency metric added this engagement - covers the application and database tiers, not every architectural layer (e.g. no CDN/edge-layer metrics, since none is used). IST Health Tele-",Partial,"Real-time performance monitoring exists via Cloud Run/Cloud SQL's native metrics plus the custom request-duration/p95-latency metric added this engagement - covers the application and database tiers, not every architectural layer (e.g. no CDN/edge-la",Existing control - evidence missing (tentative),Pending Stage 2 evidence discovery,TBD,TBD,TBD,TBD,Pending,,Partial,Partial,Not yet triaged
Non Functional Req,NFR-129,"Observability, Monitoring & Alerts","Interface monitoring :  Ability to proactively monitor and alert interfaces for slow response, congestions etc. and support self-heal or corrective measures to ensure there is no operational/business impact to QR.",Non-mandatory,No,"No per-interface (e.g. per external integration) monitoring or self-healing capability exists - integrations either succeed or fail with no automated corrective action. IST Health Tele-Triage remediation, questionnaire review pass 2026-08-04.",No,"No per-interface (e.g. per external integration) monitoring or self-healing capability exists - integrations either succeed or fail with no automated corrective action. IST Health Tele-Triage remediation, questionnaire review pass 2026-08-04.",Cannot currently comply,Pending Stage 2 evidence discovery,TBD,TBD,TBD,TBD,Pending,,No,No,Not yet triaged
Non Functional Req,NFR-130,"Observability, Monitoring & Alerts",Job monitoring : Ability to monitor and take corrective actions in case of failed/not running jobs and ensure no impact to QR business process and functions.,Non-mandatory,Partial,Job execution status (start/end/success/failure) is real and fully monitorable via Cloud Run Jobs' execution history - there is no automated corrective action beyond the DAST probe's own deliberate design (job failure = alert signal); other jobs failing would not automatically trigger remediation. I,Partial,Job execution status (start/end/success/failure) is real and fully monitorable via Cloud Run Jobs' execution history - there is no automated corrective action beyond the DAST probe's own deliberate design (job failure = alert signal); other jobs fail,Testing or validation closure,Pending Stage 2 evidence discovery,TBD,TBD,TBD,TBD,Pending,,Partial,Partial,Not yet triaged
Non Functional Req,NFR-131,"Observability, Monitoring & Alerts",App Crashes :  Mobility solutions provided as part of the platform or built using this platform shall have capability to capture all crash events and provide sufficient traces and logs for quick resolution ( by Vendor for SaaS mobile apps / Any customization carried out by QR),Non-mandatory,No,"No native mobile application exists, so mobile crash-event capture is not applicable. IST Health Tele-Triage remediation, questionnaire review pass 2026-08-04.",No,"No native mobile application exists, so mobile crash-event capture is not applicable. IST Health Tele-Triage remediation, questionnaire review pass 2026-08-04.",Valid N/A (candidate - verify),Pending Stage 2 evidence discovery,TBD,TBD,TBD,TBD,Pending,,No,No,Not yet triaged
Non Functional Req,NFR-132,"Observability, Monitoring & Alerts","Error Diagnosis : Platform shall have capability to diagnose errors and identify probable root cause for the error (Missing master data, external service not reachable etc.)",Non-mandatory,No,"No automated root-cause diagnosis tool exists - error investigation today is manual log/code review by an engineer. IST Health Tele-Triage remediation, questionnaire review pass 2026-08-04.",No,"No automated root-cause diagnosis tool exists - error investigation today is manual log/code review by an engineer. IST Health Tele-Triage remediation, questionnaire review pass 2026-08-04.",Cannot currently comply,Pending Stage 2 evidence discovery,TBD,TBD,TBD,TBD,Pending,,No,No,Not yet triaged
Non Functional Req,NFR-133,"Observability, Monitoring & Alerts","Usage Insights :  QR shall have seamless access to detailed usage insights by user, department, business functions, errors , user behavior patterns , screen usage etc.",Non-mandatory,No,"No usage-insights dashboard (by user, department, business function, or behavior pattern) exists or is exposed to QR. IST Health Tele-Triage remediation, questionnaire review pass 2026-08-04.",No,"No usage-insights dashboard (by user, department, business function, or behavior pattern) exists or is exposed to QR. IST Health Tele-Triage remediation, questionnaire review pass 2026-08-04.",Cannot currently comply,Pending Stage 2 evidence discovery,TBD,TBD,TBD,TBD,Pending,,No,No,Not yet triaged
Non Functional Req,NFR-134,"Observability, Monitoring & Alerts","Cost Insights :  Comprehensive data on the usage of the product, which influences the cost of consumption in the SaaS platform to be made available for QR teams to monitor realtime, alerts and take corrective actions as appropriate. ( e.g. volumetric usage)
Proactive alerts on consumption cost based on defined thresholds to be supported",Non-mandatory,Partial,"Cost-visibility infrastructure is real and prepared (a BigQuery billing-export dataset, added this engagement) - one manual Google Cloud Billing Console step remains to actually link it as the billing account's export destination (docs/cost-visibility-setup.md), which this session's credentials lack",Partial,"Cost-visibility infrastructure is real and prepared (a BigQuery billing-export dataset, added this engagement) - one manual Google Cloud Billing Console step remains to actually link it as the billing account's export destination (docs/cost-visibilit",Existing control - evidence missing (tentative),Pending Stage 2 evidence discovery,TBD,TBD,TBD,TBD,Pending,,Partial,Partial,Not yet triaged
Non Functional Req,NFR-135,Partnership,Commitment through direct sponsorship from C-Level or Board,Non-mandatory,N/A (commercial),"Not a code/technical question - requires input from whoever owns the commercial/executive relationship with Qatar Airways. IST Health Tele-Triage remediation, questionnaire review pass 2026-08-04.",N/A,Not applicable,Valid N/A,No action,,,,,,"Not a code/technical question - requires input from whoever owns the commercial/executive relationship with Qatar Airways. IST Health Tele-Triage remediation, questionnaire review pass 2026-08-04.",N/A,N/A,Closed
Non Functional Req,NFR-136,Partnership,Dedicated team with industry knowledge committed from day 1,Non-mandatory,N/A (commercial),"Not a code/technical question - same as NFR-135. IST Health Tele-Triage remediation, questionnaire review pass 2026-08-04.",N/A,Not applicable,Valid N/A,No action,,,,,,"Not a code/technical question - same as NFR-135. IST Health Tele-Triage remediation, questionnaire review pass 2026-08-04.",N/A,N/A,Closed
Non Functional Req,NFR-137,Partnership,Priority with Industry specific innovative solutions,Non-mandatory,N/A (commercial),"Not a code/technical question - same as NFR-135. IST Health Tele-Triage remediation, questionnaire review pass 2026-08-04.",N/A,Not applicable,Valid N/A,No action,,,,,,"Not a code/technical question - same as NFR-135. IST Health Tele-Triage remediation, questionnaire review pass 2026-08-04.",N/A,N/A,Closed
Non Functional Req,NFR-138,Performance,"Response Time: 
System should honor the performance SLA defined for the application.
By default, system shall be able to respond to user requests within 3 seconds for critical transactions.",Mandatory,Partial,"Load-test baseline run 2026-08-04 (10 concurrent workers x 20 requests, docs/load-test-baseline-2026-08-04.md). Zero request errors, but /api/v1/queue and /api/v1/protocols exceeded the 3-second p95/p99 target under just 10 concurrent users (p95 ~2.95-3.15s, p99 ~4.3-4.5s) - likely caused by large u",Partial,Load test found p95 approx 2.95-3.15s / p99 approx 4.3-4.5s on /queue and /protocols under only 10 concurrent users - misses the 3s target,Testing or validation closure,"Performance-engineering exercise: baseline, root-cause (query/payload/index), fix, re-test",Backend eng + SRE,none,M-L,Med,docs/performance/performance-validation-report.md (to be produced),docs/load-test-baseline-2026-08-04.md,Partial,Partial,In triage
Non Functional Req,NFR-139,Performance,"Response Time: 
System should honor the performance SLA defined for the application.
By default, system shall be able to respond to user requests within 3-5 seconds (including end to end page loading time), given the bandwidth > 512 Kbps and network latency < 100 ms.
For all other non-critical transactions estimated response time to be finalized depending on the application context.",Non-mandatory,Partial,"Load-test baseline run 2026-08-04 (10 concurrent workers x 20 requests, docs/load-test-baseline-2026-08-04.md). Zero request errors, but /api/v1/queue and /api/v1/protocols exceeded the 3-second p95/p99 target under just 10 concurrent users (p95 ~2.95-3.15s, p99 ~4.3-4.5s) - likely caused by large u",Partial,"Load-test baseline run 2026-08-04 (10 concurrent workers x 20 requests, docs/load-test-baseline-2026-08-04.md). Zero request errors, but /api/v1/queue and /api/v1/protocols exceeded the 3-second p95/p99 target under just 10 concurrent users (p95 ~2.9",Existing control - evidence missing (tentative),Pending Stage 2 evidence discovery,TBD,TBD,TBD,TBD,Pending,,Partial,Partial,Not yet triaged
Non Functional Req,NFR-140,Performance,Caching: Platform shall support caching capability of all master/seed/configuration data etc. as needed by QR for customization/enhancement of core product.,Non-mandatory,Partial,"No caching layer (e.g. Redis, in-memory TTL cache) exists for master/seed/configuration data - every request reads current data directly. IST Health Tele-Triage remediation, questionnaire review pass 2026-08-04. Update: real HTTP-level caching now exists (Cache-Control: private, max-age=300) on GET ",Partial,"No caching layer (e.g. Redis, in-memory TTL cache) exists for master/seed/configuration data - every request reads current data directly. IST Health Tele-Triage remediation, questionnaire review pass 2026-08-04. Update: real HTTP-level caching now ex",Existing control - evidence missing (tentative),Pending Stage 2 evidence discovery,TBD,TBD,TBD,TBD,Pending,,Partial,Partial,Not yet triaged
Non Functional Req,NFR-141,Performance,Graceful Degradation : Confirm whether the solution can operate in a degraded mode on constrained bandwidth and describe the fallback experience.,Non-mandatory,No,"No graceful-degradation mode exists for constrained bandwidth - the application behaves the same regardless of client network conditions. IST Health Tele-Triage remediation, questionnaire review pass 2026-08-04.",No,"No graceful-degradation mode exists for constrained bandwidth - the application behaves the same regardless of client network conditions. IST Health Tele-Triage remediation, questionnaire review pass 2026-08-04.",Cannot currently comply,Pending Stage 2 evidence discovery,TBD,TBD,TBD,TBD,Pending,,No,No,Not yet triaged
Non Functional Req,NFR-142,Performance,Pooling: System shall have the ability to pool resources wherever possible like DB connections etc. to ensure efficient usage of infra resources in public/private cloud,Non-mandatory,Yes,"Prisma/Postgres connection pooling is real and active by default (confirmed - the app connects via a pooled Prisma client, not one connection per request). IST Health Tele-Triage remediation, questionnaire review pass 2026-08-04.",Yes,none,Fully compliant,No action - already Yes,,,,,Existing (see remarks),"Prisma/Postgres connection pooling is real and active by default (confirmed - the app connects via a pooled Prisma client, not one connection per request). IST Health Tele-Triage remediation, question",Yes,Yes,Closed
Non Functional Req,NFR-143,Performance,Compression: System shall have the capability to compress payload data to reduce network traffic to ensure efficient usage of infra resources in public/private cloud,Non-mandatory,Yes,"No response-compression middleware (e.g. gzip/br) is configured - confirmed by code review of src/app.ts's middleware chain. IST Health Tele-Triage remediation, questionnaire review pass 2026-08-04. Update: real response-compression middleware now applies to every response (src/app.ts, `compression`",Yes,none,Fully compliant,No action - already Yes,,,,,Existing (see remarks),"No response-compression middleware (e.g. gzip/br) is configured - confirmed by code review of src/app.ts's middleware chain. IST Health Tele-Triage remediation, questionnaire review pass 2026-08-04. U",Yes,Yes,Closed
Non Functional Req,NFR-144,Performance,Pagination: System shall have the capability to Paginate data wherever possible to reduce size of payload transfer over network and faster page loads to ensure efficient usage of infra resources in public/private cloud,Non-mandatory,Partial,"Real opt-in pagination now exists on GET /api/v1/queue and GET /api/v1/protocols (limit/offset, added 2026-08-04, verified backward-compatible and functioning live) - not yet adopted by any real consumer (the nurse cockpit intentionally still requests the full list), and not yet applied to every lis",Partial,"Real opt-in pagination now exists on GET /api/v1/queue and GET /api/v1/protocols (limit/offset, added 2026-08-04, verified backward-compatible and functioning live) - not yet adopted by any real consumer (the nurse cockpit intentionally still request",Existing control - evidence missing (tentative),Pending Stage 2 evidence discovery,TBD,TBD,TBD,TBD,Pending,,Partial,Partial,Not yet triaged
Non Functional Req,NFR-145,Performance,"Asynchronous Transactions: System shall be able to initiate Asynchronous transactions, for all activities that need not give direct responses to the client",Non-mandatory,Partial,A real fire-and-forget async pattern already exists in production code: MFA-credential persistence (src/services/securityAdmin.ts's enrollMfa()/confirmMfaEnrollment()) calls persistMfaCredential() as `void persistMfaCredential(...).catch(...)` - the non-critical DB write happens in the background an,Partial,A real fire-and-forget async pattern already exists in production code: MFA-credential persistence (src/services/securityAdmin.ts's enrollMfa()/confirmMfaEnrollment()) calls persistMfaCredential() as `void persistMfaCredential(...).catch(...)` - the ,Existing control - evidence missing (tentative),Pending Stage 2 evidence discovery,TBD,TBD,TBD,TBD,Pending,,Partial,Partial,Not yet triaged
Non Functional Req,NFR-146,Performance,Batch Transactions: System shall have the capability to execute batch jobs or scheduled jobs without impacting the critical user transactions,Non-mandatory,Yes,"Scheduled batch jobs (retention purge, access review, DAST probe, monthly SLI report) run as separate Cloud Run Job resources, architecturally isolated compute from the live request-serving service - confirmed to never impact the main application's availability or performance. IST Health Tele-Triage",Yes,none,Fully compliant,No action - already Yes,,,,,Existing (see remarks),"Scheduled batch jobs (retention purge, access review, DAST probe, monthly SLI report) run as separate Cloud Run Job resources, architecturally isolated compute from the live request-serving service - ",Yes,Yes,Closed
Non Functional Req,NFR-147,Performance,Performance Test Capability :  System shall have the capability to execute performance test as part of release pipeline for all customizations carried out on the core product,Non-mandatory,Partial,"Partial - a real automated performance-test job now exists in the CI pipeline (.github/workflows/performance-test.yml), runnable on demand (e.g. right after a deploy) or on a weekly schedule, reusing the same load-test tool behind docs/load-test-baseline-2026-08-04.md. Verified live (2026-08-04): a ",Partial,"Partial - a real automated performance-test job now exists in the CI pipeline (.github/workflows/performance-test.yml), runnable on demand (e.g. right after a deploy) or on a weekly schedule, reusing the same load-test tool behind docs/load-test-base",Existing control - evidence missing (tentative),Pending Stage 2 evidence discovery,TBD,TBD,TBD,TBD,Pending,,Partial,Partial,Not yet triaged
Non Functional Req,NFR-148,Performance,Data growth : System performance SLA shall be honored even as operational data size grows over time and product capabilities are enhanced.,Non-mandatory,Not measured,"No test has been performed confirming performance SLAs hold as data volume grows over time - the one load-test baseline that exists used a small, fixed dataset. IST Health Tele-Triage remediation, questionnaire review pass 2026-08-04.",Other,"No test has been performed confirming performance SLAs hold as data volume grows over time - the one load-test baseline that exists used a small, fixed dataset. IST Health Tele-Triage remediation, questionnaire review pass 2026-08-04.",Cannot currently comply,Pending Stage 2 evidence discovery,TBD,TBD,TBD,TBD,Pending,,Other,Other,Not yet triaged
Non Functional Req,NFR-149,Performance,"Background process:
Heavy back end jobs shall be designed to run in isolated infrastructure or similar strategies, to ensure there is no overhead or impact on the performance , SLA and QoS of the system, while these jobs are running.",Non-mandatory,Yes,"Every scheduled batch job runs as its own isolated Cloud Run Job resource (confirmed architecturally and via repeated real executions this engagement) - heavy background work never shares compute with the live request-serving service. IST Health Tele-Triage remediation, questionnaire review pass 202",Yes,none,Fully compliant,No action - already Yes,,,,,Existing (see remarks),Every scheduled batch job runs as its own isolated Cloud Run Job resource (confirmed architecturally and via repeated real executions this engagement) - heavy background work never shares compute with,Yes,Yes,Closed
Non Functional Req,NFR-150,Performance,System shall provide the capability to monitor performance in realtime and across all layers / tiers / components,Non-mandatory,Partial,"Real-time performance monitoring exists for the application and database tiers (Cloud Run/Cloud SQL native metrics, plus the custom request-duration/p95-latency metric) - not literally 'all layers/tiers/components', since there is no CDN/edge layer or distributed tracing. IST Health Tele-Triage reme",Partial,"Real-time performance monitoring exists for the application and database tiers (Cloud Run/Cloud SQL native metrics, plus the custom request-duration/p95-latency metric) - not literally 'all layers/tiers/components', since there is no CDN/edge layer o",Existing control - evidence missing (tentative),Pending Stage 2 evidence discovery,TBD,TBD,TBD,TBD,Pending,,Partial,Partial,Not yet triaged
Non Functional Req,NFR-151,Performance,System shall provide the capability to raise alerts when performance dips below a configurable threshold,Non-mandatory,Yes,"A real alert policy (added 2026-08-04) fires when p95 request latency exceeds the documented 3-second target over a 5-minute window - a genuine, verified, configurable-threshold performance alert, not a claim. IST Health Tele-Triage remediation, questionnaire review pass 2026-08-04.",Yes,none,Fully compliant,No action - already Yes,,,,,Existing (see remarks),"A real alert policy (added 2026-08-04) fires when p95 request latency exceeds the documented 3-second target over a 5-minute window - a genuine, verified, configurable-threshold performance alert, not",Yes,Yes,Closed
Non Functional Req,NFR-152,Scalability,Scalability SLA: System shall be capable of supporting peak number of user transactions for the application and also future projected growth of the application,Mandatory,Partial,"Load-test baseline run 2026-08-04 (10 concurrent workers x 20 requests, docs/load-test-baseline-2026-08-04.md). Zero request errors, but /api/v1/queue and /api/v1/protocols exceeded the 3-second p95/p99 target under just 10 concurrent users (p95 ~2.95-3.15s, p99 ~4.3-4.5s) - likely caused by large u",Partial,Same load-test regression as NFR-138,Testing or validation closure,Same performance-engineering exercise,Backend eng + SRE,none,M-L,Med,Pending,docs/load-test-baseline-2026-08-04.md,Partial,Partial,In triage
Non Functional Req,NFR-153,Scalability,"Auto / Manual Scale : Deployment architecture shall have the capability to detect threshold in resource consumption and support auto scale as needed during peak processing periods. ( For .e.g. : auto scale out during the month end payroll, yearly finance closure activities ).",Non-mandatory,Yes,"Cloud Run auto-scales application instances based on load (confirmed, max_instance_count=20 in terraform/main.tf) - both automatic (threshold-based) and available for manual adjustment via the same config. IST Health Tele-Triage remediation, questionnaire review pass 2026-08-04.",Yes,none,Fully compliant,No action - already Yes,,,,,Existing (see remarks),"Cloud Run auto-scales application instances based on load (confirmed, max_instance_count=20 in terraform/main.tf) - both automatic (threshold-based) and available for manual adjustment via the same co",Yes,Yes,Closed
Non Functional Req,NFR-154,Scalability,"System shall have the capability to scale down when the load is less, for sustainability and cost reasons",Non-mandatory,Yes,"Cloud Run scales down to zero (or the configured minimum) when load drops, and cpu_idle/startup_cpu_boost are configured for cost-efficient scaling - confirmed in terraform/main.tf, a real cost-saving behavior, not aspirational. IST Health Tele-Triage remediation, questionnaire review pass 2026-08-0",Yes,none,Fully compliant,No action - already Yes,,,,,Existing (see remarks),"Cloud Run scales down to zero (or the configured minimum) when load drops, and cpu_idle/startup_cpu_boost are configured for cost-efficient scaling - confirmed in terraform/main.tf, a real cost-saving",Yes,Yes,Closed
Non Functional Req,NFR-155,Scalability,Linear Scalability : All software/infra components of the application shall support horizontal &  linear scalability,Non-mandatory,Partial,"The application tier scales horizontally (Cloud Run, confirmed) - the database tier (single Cloud SQL instance) does not scale horizontally, only vertically, and is a documented single point of contention at high load. IST Health Tele-Triage remediation, questionnaire review pass 2026-08-04.",Partial,"The application tier scales horizontally (Cloud Run, confirmed) - the database tier (single Cloud SQL instance) does not scale horizontally, only vertically, and is a documented single point of contention at high load. IST Health Tele-Triage remediat",Existing control - evidence missing (tentative),Pending Stage 2 evidence discovery,TBD,TBD,TBD,TBD,Pending,,Partial,Partial,Not yet triaged
Non Functional Req,NFR-156,Scalability,Capacity Planning : System shall be sized enough to handle the peak times without degradation in performance,Mandatory,Partial,"Load-test baseline run 2026-08-04 (10 concurrent workers x 20 requests, docs/load-test-baseline-2026-08-04.md). Zero request errors, but /api/v1/queue and /api/v1/protocols exceeded the 3-second p95/p99 target under just 10 concurrent users (p95 ~2.95-3.15s, p99 ~4.3-4.5s) - likely caused by large u",Partial,Same load-test regression as NFR-138,Testing or validation closure,Same performance-engineering exercise,Backend eng + SRE,none,M-L,Med,Pending,docs/load-test-baseline-2026-08-04.md,Partial,Partial,In triage
Non Functional Req,NFR-157,Upgrades,"Technology  / Functional Capability Upgrade : 
-	Product architecture shall support all upgrades ( Technical & business capabilities) with zero down time and no impact to business process or operations.",Non-mandatory,Yes,"Every application deploy this engagement used a real zero-downtime canary-then-cutover pattern (deploy with --no-traffic, health-check directly, only then migrate traffic) - demonstrated repeatedly, not a claim. IST Health Tele-Triage remediation, questionnaire review pass 2026-08-04.",Yes,none,Fully compliant,No action - already Yes,,,,,Existing (see remarks),"Every application deploy this engagement used a real zero-downtime canary-then-cutover pattern (deploy with --no-traffic, health-check directly, only then migrate traffic) - demonstrated repeatedly, n",Yes,Yes,Closed
Non Functional Req,NFR-158,Upgrades,System shall support deployment practices like Blue Green/ Canary deployment in order to validate the changes within a smaller group/region before they are rolled out to wider group.,Non-mandatory,Yes,"Same evidence as NFR-157 - blue-green/canary deployment is the standard, repeatedly-used pattern for every change this engagement. IST Health Tele-Triage remediation, questionnaire review pass 2026-08-04.",Yes,none,Fully compliant,No action - already Yes,,,,,Existing (see remarks),"Same evidence as NFR-157 - blue-green/canary deployment is the standard, repeatedly-used pattern for every change this engagement. IST Health Tele-Triage remediation, questionnaire review pass 2026-08",Yes,Yes,Closed
Non Functional Req,NFR-159,Upgrades,"Upgrades & Versioning : Confirm that all upgrades (technology, patches, platform maintenance and business capability) are subject to prior review and approval by Qatar Airways before production rollout. Release notes and quality-gate reports (UAT sign-off, security/pen test, NFR) shall be shared with QR for review and approval. Describe the notice period and approval workflow.",Non-mandatory,No,"No formal prior-review/approval workflow gates a deploy - an engineer builds, verifies via canary health-check, then cuts over; there is no separate QR-facing approval step in that process today. IST Health Tele-Triage remediation, questionnaire review pass 2026-08-04.",No,"No formal prior-review/approval workflow gates a deploy - an engineer builds, verifies via canary health-check, then cuts over; there is no separate QR-facing approval step in that process today. IST Health Tele-Triage remediation, questionnaire revi",Cannot currently comply,Pending Stage 2 evidence discovery,TBD,TBD,TBD,TBD,Pending,,No,No,Not yet triaged
Non Functional Req,NFR-160,Upgrades,"System shall support rolling back to a previous version during the outage window if sanity checks reveal major or critical issues in the new release.

QR Group shall have the option to continue with an older version if need be, due to business reasons.",Non-mandatory,Yes,"Rolling back is real and fast - Cloud Run retains prior revisions, and traffic can be redirected to any previous revision instantly via `gcloud run services update-traffic` without a rebuild, confirmed used this engagement. IST Health Tele-Triage remediation, questionnaire review pass 2026-08-04.",Yes,none,Fully compliant,No action - already Yes,,,,,Existing (see remarks),"Rolling back is real and fast - Cloud Run retains prior revisions, and traffic can be redirected to any previous revision instantly via `gcloud run services update-traffic` without a rebuild, confirme",Yes,Yes,Closed
Non Functional Req,NFR-161,Upgrades,Rolling Updates: System shall have the capability to carry out regular updates with zero downtime. Provide Upgrades Release schedules & frequency.,Non-mandatory,Partial,"Deploys are zero-downtime (confirmed) and happen on an as-needed basis throughout this engagement - there is no fixed, published release schedule/frequency, since this is an active remediation engagement, not a steady-state product release cadence yet. IST Health Tele-Triage remediation, questionnai",Partial,"Deploys are zero-downtime (confirmed) and happen on an as-needed basis throughout this engagement - there is no fixed, published release schedule/frequency, since this is an active remediation engagement, not a steady-state product release cadence ye",Existing control - evidence missing (tentative),Pending Stage 2 evidence discovery,TBD,TBD,TBD,TBD,Pending,,Partial,Partial,Not yet triaged
Non Functional Req,NFR-162,Upgrades,"Technical Roadmap : System shall have a robust forward-looking technology roadmap by levering latest technology trends, avoid obsolescence, planned technology upgrades and thereby geared to meet future vision of QR group.",Non-mandatory,No,"No formal, documented technology roadmap exists - dependency versions are kept current (confirmed via `pnpm audit`), but there is no forward-looking roadmap document. IST Health Tele-Triage remediation, questionnaire review pass 2026-08-04.",No,"No formal, documented technology roadmap exists - dependency versions are kept current (confirmed via `pnpm audit`), but there is no forward-looking roadmap document. IST Health Tele-Triage remediation, questionnaire review pass 2026-08-04.",Documentation closure,Pending Stage 2 evidence discovery,TBD,TBD,TBD,TBD,Pending,,No,No,Not yet triaged
Non Functional Req,NFR-163,Upgrades,"Quality Gates : Automated Pipelines shall support quality gates for code quality, security vulnerabilities (static and dynamic) , license compliance, performance, and automation test cases for all fixes/enhancements carried out on the product.
Quality gate reports would be accessible for QR to review and approve/reject the production release",Non-mandatory,Yes,"Same evidence as NFR-097 - real automated CI quality gates exist (typecheck, tests, `pnpm audit`, SBOM, Docker build validation), but no license-compliance-specific gate yet. IST Health Tele-Triage remediation, questionnaire review pass 2026-08-04. Update: a real, automated license-compliance check ",Yes,none,Fully compliant,No action - already Yes,,,,,Existing (see remarks),"Same evidence as NFR-097 - real automated CI quality gates exist (typecheck, tests, `pnpm audit`, SBOM, Docker build validation), but no license-compliance-specific gate yet. IST Health Tele-Triage re",Yes,Yes,Closed
Non Functional Req,NFR-164,Maintainability ,"Thick Clients : If the solution uses a thick client, confirm (a) self-update on new version release and (b) VDI access compatibility. List supported VDI products.",Non-mandatory,No,"Not applicable - this is a web application with no thick client, so self-update and VDI compatibility questions don't apply. IST Health Tele-Triage remediation, questionnaire review pass 2026-08-04.",No,"Not applicable - this is a web application with no thick client, so self-update and VDI compatibility questions don't apply. IST Health Tele-Triage remediation, questionnaire review pass 2026-08-04.",Valid N/A (candidate - verify),Pending Stage 2 evidence discovery,TBD,TBD,TBD,TBD,Pending,,No,No,Not yet triaged
Non Functional Req,NFR-165,Maintainability,"Configurable Business Rules : Product architecture shall provide extensive support for configuring business rules and thereby avoid need for code changes to support changes in business process.

Intuitive UI shall be made available to support no technical users to configure, tweak or change the business rules to be aligned with the changing business process.",Non-mandatory,No,"Business rules (severity thresholds, safety-floor logic, protocol matching) are implemented in code, not exposed as admin-configurable rules - changing them requires a code change and redeploy. IST Health Tele-Triage remediation, questionnaire review pass 2026-08-04.",No,"Business rules (severity thresholds, safety-floor logic, protocol matching) are implemented in code, not exposed as admin-configurable rules - changing them requires a code change and redeploy. IST Health Tele-Triage remediation, questionnaire review",Cannot currently comply,Pending Stage 2 evidence discovery,TBD,TBD,TBD,TBD,Pending,,No,No,Not yet triaged
Non Functional Req,NFR-166,Security Controls,"System shall automatically log out users after a configurable period of inactivity (e.g., 15 minutes). Users must re-authenticate to regain access after a timeout.",Non-mandatory,Yes,"Session inactivity timeout is now configurable via SESSION_TIMEOUT_MINUTES / EXTENDED_SESSION_TIMEOUT_MINUTES environment variables (default unchanged at 30 min / 8 hr). IST Health Tele-Triage remediation, 2026-08-04 (commits b01d77e, 68a2bf7, a47c253, 7b241d5, f8052c3, e07a082)",Yes,none,Fully compliant,No action - already Yes,,,,,Existing (see remarks),Session inactivity timeout is now configurable via SESSION_TIMEOUT_MINUTES / EXTENDED_SESSION_TIMEOUT_MINUTES environment variables (default unchanged at 30 min / 8 hr). IST Health Tele-Triage remedia,Yes,Yes,Closed
Non Functional Req,NFR-167,Security Controls,"Encrypt the Login request body & query parameters, randomize the login URL , so that structure of login request is not readable and thereby avoid replay attacks",Non-mandatory,Partial,"The entire login request (body and query) is protected by TLS in transit (real, platform default) - the login URL itself is a fixed, well-known path (/api/v1/auth/login), not randomized, so this only partially satisfies the literal requirement. IST Health Tele-Triage remediation, questionnaire revie",Partial,"The entire login request (body and query) is protected by TLS in transit (real, platform default) - the login URL itself is a fixed, well-known path (/api/v1/auth/login), not randomized, so this only partially satisfies the literal requirement. IST H",Existing control - evidence missing (tentative),Pending Stage 2 evidence discovery,TBD,TBD,TBD,TBD,Pending,,Partial,Partial,Not yet triaged
Non Functional Req,NFR-168,Security Controls,"Obfuscate login page (JS) of Login page to reduce readability. Minify the HTML, JS of all other pages.",Non-mandatory,Partial,"The production frontend build (Vite) minifies all JS/HTML by default (a standard, real build-tool behavior, confirmed by the build pipeline) - there is no additional deliberate obfuscation beyond standard minification. IST Health Tele-Triage remediation, questionnaire review pass 2026-08-04.",Partial,"The production frontend build (Vite) minifies all JS/HTML by default (a standard, real build-tool behavior, confirmed by the build pipeline) - there is no additional deliberate obfuscation beyond standard minification. IST Health Tele-Triage remediat",Existing control - evidence missing (tentative),Pending Stage 2 evidence discovery,TBD,TBD,TBD,TBD,Pending,,Partial,Partial,Not yet triaged
Non Functional Req,NFR-169,Security Controls,"User context (user identifier, IP, user agent, browser view port dimensions etc)  post login shall be validated against every request to avoid request replay or main in middle attacks.  
Validate the request headers to ascertain whether the request is from genuine client",Non-mandatory,Partial,"Partial - cookie-based sessions (the Nurse Cockpit/admin UI) are now bound to the User-Agent that created them and re-validated on every authenticated request, not just at login; a mismatch is rejected (401), closing real session-token replay/theft risk. An IP change alone is allowed through (mobile",Partial,"Partial - cookie-based sessions (the Nurse Cockpit/admin UI) are now bound to the User-Agent that created them and re-validated on every authenticated request, not just at login; a mismatch is rejected (401), closing real session-token replay/theft r",Existing control - evidence missing (tentative),Pending Stage 2 evidence discovery,TBD,TBD,TBD,TBD,Pending,,Partial,Partial,Not yet triaged
Non Functional Req,NFR-170,Security Controls,"For all cookies set by application, it shall be marked as Secure, http-only, same site, shall not have a validity more than application session timeout.",Non-mandatory,Yes,"Confirmed in code (src/services/securityAdmin.ts's sessionCookie()): every session cookie is set Secure, HttpOnly, SameSite=Strict, with maxAge tied directly to the configurable session timeout (30 min default, 8 hours if 'remember me') - never exceeding the application's own session validity. IST H",Yes,none,Fully compliant,No action - already Yes,,,,,Existing (see remarks),"Confirmed in code (src/services/securityAdmin.ts's sessionCookie()): every session cookie is set Secure, HttpOnly, SameSite=Strict, with maxAge tied directly to the configurable session timeout (30 mi",Yes,Yes,Closed
Non Functional Req,NFR-171,Security Controls,"Avoid CORS request, unless absolutely required by application (approval by exception). In case of CORS request support, only required HTTP verbs, headers and domains to be whitelisted instead of *.",Non-mandatory,Yes,"Yes - CORS is restricted to an explicit allowlist of real origins (src/app.ts), and the allowed HTTP verbs and headers are now explicitly whitelisted rather than reflecting back whatever a preflight requests: methods limited to GET/POST/PATCH/DELETE (the only verbs this API actually uses, confirmed ",Yes,none,Fully compliant,No action - already Yes,,,,,Existing (see remarks),"Yes - CORS is restricted to an explicit allowlist of real origins (src/app.ts), and the allowed HTTP verbs and headers are now explicitly whitelisted rather than reflecting back whatever a preflight r",Yes,Yes,Closed
Non Functional Req,NFR-172,Security Controls,"If the application is used only by QR staff, ensure that all users in the system are logging in using AD. Do not use generic user ids",Non-mandatory,Partial,"The shared local admin credential (ADMIN_PASSWORD) previously could authenticate as any user account. Fixed: in live mode it now only authenticates the platform/system administrator bootstrap accounts, not arbitrary users. AD-only login is not yet implemented - remains a separate, larger item. IST H",Partial,"The shared local admin credential (ADMIN_PASSWORD) previously could authenticate as any user account. Fixed: in live mode it now only authenticates the platform/system administrator bootstrap accounts, not arbitrary users. AD-only login is not yet im",Existing control - evidence missing (tentative),Pending Stage 2 evidence discovery,TBD,TBD,TBD,TBD,Pending,,Partial,Partial,Not yet triaged
Non Functional Req,NFR-173,Security Controls,"Content Security Policy : Confirm that Content Security Policy (CSP) headers are set to restrict resources (JavaScript, CSS, images) to trusted origins, and provide the default policy.",Non-mandatory,Yes,"Explicit Content-Security-Policy directives are configured via Helmet (connect-src, img-src, script-src, script-src-elem, style-src all restricted to self), with Helmet defaults filling in the remainder. Verified present in src/app.ts.",Yes,none,Fully compliant,No action - already Yes,,,,,Existing (see remarks),"Explicit Content-Security-Policy directives are configured via Helmet (connect-src, img-src, script-src, script-src-elem, style-src all restricted to self), with Helmet defaults filling in the remaind",Yes,Yes,Closed
Non Functional Req,NFR-174,Security Controls,Always connect to Database using normal read/write privileges. Use owner/equivalent higher privilege access only for those features which need to execute DDL changes in database,Non-mandatory,Partial,"Each environment's application connects to Postgres via its own dedicated, non-superuser database user (e.g. ist_triage_soc2_app) - a real least-privilege connection pattern, confirmed in Secret Manager's stored connection strings. Granular per-query/per-feature privilege separation has not been ind",Partial,"Each environment's application connects to Postgres via its own dedicated, non-superuser database user (e.g. ist_triage_soc2_app) - a real least-privilege connection pattern, confirmed in Secret Manager's stored connection strings. Granular per-query",Existing control - evidence missing (tentative),Pending Stage 2 evidence discovery,TBD,TBD,TBD,TBD,Pending,,Partial,Partial,Not yet triaged
Non Functional Req,NFR-175,Network requirements,"Based on the projected QR load of the application, share the detailed network requirements per user for the application to honour the SLA requirements as per application Tier.
Detailed network requirement shall also elaborate the QoS, type of network connectivity ( Site2site, Internet etc )",Non-mandatory,Needs QR input,"Cannot be answered without Qatar Airways specifying its projected load/user count and SLA requirements for this application. IST Health Tele-Triage remediation, questionnaire review pass 2026-08-04.",Other,"Cannot be answered without Qatar Airways specifying its projected load/user count and SLA requirements for this application. IST Health Tele-Triage remediation, questionnaire review pass 2026-08-04.",Cannot currently comply,Pending Stage 2 evidence discovery,TBD,TBD,TBD,TBD,Pending,,Other,Other,Not yet triaged
Non Functional Req,NFR-176,Network requirements,"Share the detailed integration touch points with QR applications and the connectivity requirements for this integration based on the frequency, data size etc",Non-mandatory,Yes,"docs/integration-connectivity-touchpoints.md now documents every real integration touchpoint in the codebase (Twilio inbound/outbound, EMR/FHIR writeback, QHIE consent check, Microsoft Graph email) with direction, protocol, authentication, frequency, and real data-size estimates - honestly notes tha",Yes,none,Fully compliant,No action - already Yes,,,,,Existing (see remarks),"docs/integration-connectivity-touchpoints.md now documents every real integration touchpoint in the codebase (Twilio inbound/outbound, EMR/FHIR writeback, QHIE consent check, Microsoft Graph email) wi",Yes,Yes,Closed
Non Functional Req,NFR-177,Supply Chain Security,SBOM : Confirm that a Software Bill of Materials (SBOM) in CycloneDX or SPDX format is provided at each release for the full software stack including transitive open-source dependencies.,Non-mandatory,Yes,"A CycloneDX-format SBOM is now generated in CI on every push and retained as a 90-day build artifact. IST Health Tele-Triage remediation, 2026-08-04 (commits b01d77e, 68a2bf7, a47c253, 7b241d5, f8052c3, e07a082)",Yes,none,Fully compliant,No action - already Yes,,,,,Existing (see remarks),"A CycloneDX-format SBOM is now generated in CI on every push and retained as a 90-day build artifact. IST Health Tele-Triage remediation, 2026-08-04 (commits b01d77e, 68a2bf7, a47c253, 7b241d5, f8052c",Yes,Yes,Closed
Non Functional Req,NFR-178,Supply Chain Security,"Third-party CVE Patching : Confirm how the solution monitors third-party and open-source components for newly disclosed CVEs (e.g. NVD, GitHub Advisories) and the SLA for patching Critical / High vulnerabilities (target ≤30 days for Critical).",Non-mandatory,Yes,"`pnpm audit` runs in CI and blocks on any high/critical CVE in a direct or transitive dependency (confirmed real, added this engagement) - this is exactly the NVD/advisory-database-backed CVE monitoring this requirement describes. IST Health Tele-Triage remediation, questionnaire review pass 2026-08",Yes,none,Fully compliant,No action - already Yes,,,,,Existing (see remarks),"`pnpm audit` runs in CI and blocks on any high/critical CVE in a direct or transitive dependency (confirmed real, added this engagement) - this is exactly the NVD/advisory-database-backed CVE monitori",Yes,Yes,Closed
Non Functional Req,NFR-179,Supply Chain Security,Code Signing : Confirm that all release artefacts are cryptographically signed and that signatures are verified before deployment.,Non-mandatory,Partial,"Container images are now signed with cosign (key-based signing; private key in GCP Secret Manager, public key committed at security/cosign.pub) and independently verified with cosign verify. Demonstrated end-to-end on the current soc2 image. Not yet fully automatic: image builds are still manual (gc",Partial,"Container images are now signed with cosign (key-based signing; private key in GCP Secret Manager, public key committed at security/cosign.pub) and independently verified with cosign verify. Demonstrated end-to-end on the current soc2 image. Not yet ",Existing control - evidence missing (tentative),Pending Stage 2 evidence discovery,TBD,TBD,TBD,TBD,Pending,,Partial,Partial,Not yet triaged
Non Functional Req,NFR-180,Security Controls,"Privileged Access Management : Confirm that all privileged / administrative access to the solution uses PAM with just-in-time elevation, session recording, and MFA.",Non-mandatory,Partial,"No dedicated third-party PAM tool is integrated (a procurement/business decision, out of scope for this engineering pass), but the underlying capability now exists: real JIT privileged-access elevation is enforced on the highest-risk mutation permissions (admin.users.manage, admin.roles.manage, cryp",Partial,"No dedicated third-party PAM tool is integrated (a procurement/business decision, out of scope for this engineering pass), but the underlying capability now exists: real JIT privileged-access elevation is enforced on the highest-risk mutation permiss",Existing control - evidence missing (tentative),Pending Stage 2 evidence discovery,TBD,TBD,TBD,TBD,Pending,,Partial,Partial,Not yet triaged
Non Functional Req,NFR-181,Security Controls,"Zero Trust Alignment : Describe how the solution aligns with zero-trust principles (no implicit trust, continuous verification, least privilege) across identity, device, network and workload layers.",Non-mandatory,Partial,"Real zero-trust-adjacent controls exist (fine-grained permission checks on every request, explicit CORS origin allowlist, optional IP allowlisting, rate limiting on sensitive endpoints, session revocation on account suspension) - there is no continuous device/context re-verification or network micro",Partial,"Real zero-trust-adjacent controls exist (fine-grained permission checks on every request, explicit CORS origin allowlist, optional IP allowlisting, rate limiting on sensitive endpoints, session revocation on account suspension) - there is no continuo",Existing control - evidence missing (tentative),Pending Stage 2 evidence discovery,TBD,TBD,TBD,TBD,Pending,,Partial,Partial,Not yet triaged
Non Functional Req,NFR-182,Security Controls,"Secrets Rotation : Confirm that all credentials, API keys and certificates used by the solution are rotated automatically at a Qatar-Airways-defined interval",Non-mandatory,Partial,"Real Secret Manager rotation reminders now exist (90-day cadence, Pub/Sub notification, verified end-to-end this engagement) for the 3 soc2 secrets - this is a rotation reminder, not automatic rotation of the secret value itself, and the cadence was set as a reasonable default, not yet confirmed aga",Partial,"Real Secret Manager rotation reminders now exist (90-day cadence, Pub/Sub notification, verified end-to-end this engagement) for the 3 soc2 secrets - this is a rotation reminder, not automatic rotation of the secret value itself, and the cadence was ",Existing control - evidence missing (tentative),Pending Stage 2 evidence discovery,TBD,TBD,TBD,TBD,Pending,,Partial,Partial,Not yet triaged
Non Functional Req,NFR-183,Security Controls,Vulnerability Disclosure : Confirm the supplier has a public Vulnerability Disclosure Policy and a bug-bounty / responsible-disclosure programme. Provide the URL.,Non-mandatory,Yes,"A vulnerability-disclosure policy is now published (SECURITY.md) covering scope, reporting channel, and response process. IST Health Tele-Triage remediation, 2026-08-04 (commits b01d77e, 68a2bf7, a47c253, 7b241d5, f8052c3, e07a082)",Yes,none,Fully compliant,No action - already Yes,,,,,Existing (see remarks),"A vulnerability-disclosure policy is now published (SECURITY.md) covering scope, reporting channel, and response process. IST Health Tele-Triage remediation, 2026-08-04 (commits b01d77e, 68a2bf7, a47c",Yes,Yes,Closed
Non Functional Req,NFR-184,Security Controls,Annual Penetration Testing : Confirm independent application and infrastructure penetration tests are performed at least twice  annually and provide the executive summary of the most recent test.,Non-mandatory,No,"No independent penetration test has ever been performed against this application - only an internal, lightweight, scripted DAST-style probe (scripts/dastProbe.mjs), explicitly documented as not equivalent to a real third-party pentest. IST Health Tele-Triage remediation, questionnaire review pass 20",No,"No independent penetration test has ever been performed against this application - only an internal, lightweight, scripted DAST-style probe (scripts/dastProbe.mjs), explicitly documented as not equivalent to a real third-party pentest. IST Health Tel",External audit or certification required,Pending Stage 2 evidence discovery,TBD,TBD,TBD,TBD,Pending,,No,No,Not yet triaged
Non Functional Req,NFR-185,Compliance,"Data Residency : Confirm that customer data remains in Qatar-Airways-approved region(s) at rest, in motion, and in backup copies (QR to specify approved regions).",Mandatory,Partial,"All current infrastructure is provisioned in me-central1 (Doha, Qatar), a real, specific, verifiable answer - formal confirmation that this satisfies Qatar Airways' approved-region list has not yet been obtained from QR. IST Health Tele-Triage remediation, questionnaire review pass 2026-08-04.",Partial,"All current infrastructure is provisioned in me-central1 (Doha, Qatar), a real, specific, verifiable answer - formal confirmation that this satisfies Qatar Airways' approved-region list has not yet been obtained from QR. IST Health Tele-Triage remedi",Existing control - evidence missing (tentative),Pending Stage 2 evidence discovery,TBD,TBD,TBD,TBD,Pending,,Partial,Partial,Not yet triaged
Non Functional Req,NFR-186,API Management,API Contract : Confirm all APIs are documented using OpenAPI 3.x / AsyncAPI specifications and provide sample specs in the Remarks.,Non-mandatory,Yes,"A real, validated OpenAPI 3.x specification now exists (docs/openapi.json, 76 real endpoints, cross-checked against actual route mounts and independently validated with @apidevtools/swagger-parser, added this engagement) - not a sample, the actual API surface. IST Health Tele-Triage remediation, que",Yes,none,Fully compliant,No action - already Yes,,,,,Existing (see remarks),"A real, validated OpenAPI 3.x specification now exists (docs/openapi.json, 76 real endpoints, cross-checked against actual route mounts and independently validated with @apidevtools/swagger-parser, ad",Yes,Yes,Closed
Non Functional Req,NFR-187,API Management,"Deprecation Policy : Confirm the supplier provides a minimum 3-month deprecation notice for any API version change, with parallel support of the old and new versions.",Non-mandatory,Yes,"A documented API deprecation-notice policy now exists (docs/api-deprecation-policy.md), committing to a minimum 3-month notice and parallel support for breaking API changes. IST Health Tele-Triage remediation, 2026-08-04 (commits b01d77e, 68a2bf7, a47c253, 7b241d5, f8052c3, e07a082)",Yes,none,Fully compliant,No action - already Yes,,,,,Existing (see remarks),"A documented API deprecation-notice policy now exists (docs/api-deprecation-policy.md), committing to a minimum 3-month notice and parallel support for breaking API changes. IST Health Tele-Triage rem",Yes,Yes,Closed
Non Functional Req,NFR-188,Integration,"Webhooks : Confirm the solution supports outbound webhooks with retry, signed payloads (HMAC or equivalent) and a dead-letter facility.",Non-mandatory,No,"Inbound webhooks (Twilio) are HMAC-signature-verified (real, confirmed) - but there is no outbound webhook capability in this application at all, so retry/signed-payload/dead-letter-queue for outbound webhooks is not applicable today. IST Health Tele-Triage remediation, questionnaire review pass 202",No,"Inbound webhooks (Twilio) are HMAC-signature-verified (real, confirmed) - but there is no outbound webhook capability in this application at all, so retry/signed-payload/dead-letter-queue for outbound webhooks is not applicable today. IST Health Tele",Valid N/A (candidate - verify),Pending Stage 2 evidence discovery,TBD,TBD,TBD,TBD,Pending,,No,No,Not yet triaged
Non Functional Req,NFR-189,"Observability, Monitoring & Alerts","SLIs / SLOs : Confirm that Service Level Indicators (availability, latency, error-rate, saturation) and their Service Level Objectives are defined, monitored, and reported monthly to Qatar Airways.",Mandatory,Partial,"SLIs/SLOs are now formally defined (docs/sli-slo-definitions.md) with explicit targets for availability, latency, error rate, and saturation. Availability is actively measured via Cloud Monitoring uptime checks; latency/error-rate/saturation monitoring and a monthly reporting cadence to QR are not y",Partial,"No monthly SLI report script exists despite earlier task marked done; 3 of 4 SLIs monitored, error-rate is count-based not percentage-SLO",Engineering closure,"Build real GCP Monitoring API query + email report (task #102, reopened)",Backend eng + SRE,New GCP Monitoring API dependency,M,Low,Representative-environment report delivery + audit log,docs/sli-slo-definitions.md; task #102,Partial,Partial,In triage
Non Functional Req,NFR-190,"Observability, Monitoring & Alerts","Log Streaming to SIEM : Confirm that application, audit and security logs can be streamed to Qatar Airways' SIEM (e.g. via HTTP Event Collector, Syslog, Kafka, Event Hub) in real time.",Non-mandatory,Partial,"Partial - a real, protocol-agnostic log-streaming export path now exists: a Cloud Logging sink (ist-triage-soc2-siem-export) streams all ist-triage-soc2 application/request logs in real time into a Pub/Sub topic (siem-log-export), verified live end-to-end (2026-08-04: real HTTP requests against tria",Partial,"Partial - a real, protocol-agnostic log-streaming export path now exists: a Cloud Logging sink (ist-triage-soc2-siem-export) streams all ist-triage-soc2 application/request logs in real time into a Pub/Sub topic (siem-log-export), verified live end-t",Existing control - evidence missing (tentative),Pending Stage 2 evidence discovery,TBD,TBD,TBD,TBD,Pending,,Partial,Partial,Not yet triaged
Non Functional Req,NFR-191,Exit & Portability,"Exit Strategy : Confirm that a documented exit plan exists, covering data export formats, transition assistance, reasonable exit-pricing, and irreversible data destruction with certificate at end of contract.",Non-mandatory,Yes,"A documented exit plan now exists (docs/exit-plan.md) covering data export (pg_dump/CSV/JSON, open non-proprietary formats), transition assistance, and data destruction on contract end. Exit pricing is a commercial term, not addressed here. IST Health Tele-Triage remediation, 2026-08-04 (commits b01",Yes,none,Fully compliant,No action - already Yes,,,,,Existing (see remarks),"A documented exit plan now exists (docs/exit-plan.md) covering data export (pg_dump/CSV/JSON, open non-proprietary formats), transition assistance, and data destruction on contract end. Exit pricing i",Yes,Yes,Closed
Non Functional Req,NFR-192,Exit & Portability,"Data Portability : Confirm all customer data, configuration, and operational history can be extracted in open, non-proprietary formats (e.g. CSV, JSON, Parquet) at any time during the contract.",Non-mandatory,Yes,"A real self-service data-export endpoint now exists: GET /api/v1/me/export returns the caller's own profile, active sessions, and audit trail as a downloadable JSON file (an open, non-proprietary format) - never another user's data. Verified with 3 dedicated tests. IST Health Tele-Triage remediation",Yes,none,Fully compliant,No action - already Yes,,,,,Existing (see remarks),"A real self-service data-export endpoint now exists: GET /api/v1/me/export returns the caller's own profile, active sessions, and audit trail as a downloadable JSON file (an open, non-proprietary form",Yes,Yes,Closed
Non Functional Req,NFR-193,Partnership,Reference Customers : Provide at least 3 comparable enterprise reference customers (ideally aviation sector) that Qatar Airways may contact directly.,Mandatory,N/A (commercial),"Not a code/technical question - needs input from whoever owns the commercial relationship with Qatar Airways. IST Health Tele-Triage remediation, questionnaire review pass 2026-08-04.",N/A,Not applicable,Valid N/A,No action,,,,,,"Not a code/technical question - needs input from whoever owns the commercial relationship with Qatar Airways. IST Health Tele-Triage remediation, questionnaire review pass 2026-08-04.",N/A,N/A,Closed
Non Functional Req,NFR-194,Sustainability,"Environmental Commitment : Describe the supplier's sustainability commitments for the cloud / infrastructure hosting the solution (e.g. carbon-neutral data centres, renewable-energy sourcing, Scope 3 reporting).",Non-mandatory,N/A (commercial),"Not a code/technical question specific to this application - GCP's own public sustainability commitments could be cited as the underlying infrastructure provider's position, but that is not IST's own commitment to state. IST Health Tele-Triage remediation, questionnaire review pass 2026-08-04.",N/A,Not applicable,Valid N/A,No action,,,,,,"Not a code/technical question specific to this application - GCP's own public sustainability commitments could be cited as the underlying infrastructure provider's position, but that is not IST's own ",N/A,N/A,Closed
Non Functional Req,NFR-195,Accessibility,Accessibility Conformance : Provide a current VPAT / Accessibility Conformance Report demonstrating compliance with WCAG 2.1 Level AA (or EN 301 549) for all end-user interfaces.,Non-mandatory,Partial,"Automated WCAG 2.0/2.1 A+AA audit (axe-core via Playwright, scripts/a11yAudit.mjs) broadened 2026-08-05 from 2 pages to 5 real, distinct views: the public login page, the Help Center, the Nurse Cockpit, the Triage Service Manager Board, and the Control Center admin console - covering every real auth",Partial,"Automated WCAG 2.0/2.1 A+AA audit (axe-core via Playwright, scripts/a11yAudit.mjs) broadened 2026-08-05 from 2 pages to 5 real, distinct views: the public login page, the Help Center, the Nurse Cockpit, the Triage Service Manager Board, and the Contr",Existing control - evidence missing (tentative),Pending Stage 2 evidence discovery,TBD,TBD,TBD,TBD,Pending,,Partial,Partial,Not yet triaged
UX,NFR-001,User Experience ,Mobile Responsiveness : Ensure mobile responsiveness and scalability for a seamless user experience.,Non-mandatory,Partial,"Real mobile-viewport verification now exists via Playwright device-emulation projects (mobile-chrome-pixel5, mobile-safari-iphone13 in playwright.config.ts) - the real login/redirect flow was exercised and passes on both a real Pixel 5 viewport/touch/UA profile (Chromium engine) and a real iPhone 13",Partial,"Real mobile-viewport verification now exists via Playwright device-emulation projects (mobile-chrome-pixel5, mobile-safari-iphone13 in playwright.config.ts) - the real login/redirect flow was exercised and passes on both a real Pixel 5 viewport/touch",Existing control - evidence missing (tentative),Pending Stage 2 evidence discovery,TBD,TBD,TBD,TBD,Pending,,Partial,Partial,Not yet triaged
UX,NFR-002,User Experience ,Consistency : Maintain a uniform UI and interaction patterns across modules.,Non-mandatory,Partial,"Built with standard React/Vite output, which is broadly cross-browser compatible by construction - no formal test matrix across specific enterprise-standard browsers has been executed to confirm this. IST Health Tele-Triage remediation, questionnaire review pass 2026-08-04.",Partial,"Built with standard React/Vite output, which is broadly cross-browser compatible by construction - no formal test matrix across specific enterprise-standard browsers has been executed to confirm this. IST Health Tele-Triage remediation, questionnaire",Existing control - evidence missing (tentative),Pending Stage 2 evidence discovery,TBD,TBD,TBD,TBD,Pending,,Partial,Partial,Not yet triaged
UX,NFR-003,User Experience ,Personalization : Allow users to personalize their user interface preferences.,Non-mandatory,No,"No user-level UI preference/personalization storage exists. IST Health Tele-Triage remediation, questionnaire review pass 2026-08-04.",No,"No user-level UI preference/personalization storage exists. IST Health Tele-Triage remediation, questionnaire review pass 2026-08-04.",Cannot currently comply,Pending Stage 2 evidence discovery,TBD,TBD,TBD,TBD,Pending,,No,No,Not yet triaged
UX,NFR-004,User Experience ,Cross-Browser Compatibility : Ensure functionality across modern browsers used across the enterprise,Mandatory,Partial,"Real automated cross-browser verification now exists: playwright.config.ts runs the real login/redirect-by-role journey against 4 real, independent rendering engines - Chrome, Microsoft Edge, Firefox, and WebKit (Safari's engine) - via Playwright's own bundled browser builds, plus 2 mobile device-em",Partial,"Real automated cross-browser verification now exists: playwright.config.ts runs the real login/redirect-by-role journey against 4 real, independent rendering engines - Chrome, Microsoft Edge, Firefox, and WebKit (Safari's engine) - via Playwright's o",Existing control - evidence missing (tentative),Pending Stage 2 evidence discovery,TBD,TBD,TBD,TBD,Pending,,Partial,Partial,Not yet triaged
UX,NFR-005,User Experience ,Error Handling : Design effective messages to guide users through error resolution,Non-mandatory,Partial,"Zod-driven form validation produces field-level error messages (real, confirmed) - no systematic UX review of error-message clarity/actionability has been performed. IST Health Tele-Triage remediation, questionnaire review pass 2026-08-04.",Partial,"Zod-driven form validation produces field-level error messages (real, confirmed) - no systematic UX review of error-message clarity/actionability has been performed. IST Health Tele-Triage remediation, questionnaire review pass 2026-08-04.",Existing control - evidence missing (tentative),Pending Stage 2 evidence discovery,TBD,TBD,TBD,TBD,Pending,,Partial,Partial,Not yet triaged
UX,NFR-006,User Experience ,"Easy Navigation (L1, L2, and L3) :Facilitate straightforward navigation across different levels within the system.",Non-mandatory,Partial,"The Cockpit uses a linear stage-based flow (Intake -> Questions -> Disposition -> Completion) plus a sidebar - appropriate for this app's clinical workflow, but doesn't map directly onto a generic multi-level (L1/L2/L3) menu hierarchy. IST Health Tele-Triage remediation, questionnaire review pass 20",Partial,"The Cockpit uses a linear stage-based flow (Intake -> Questions -> Disposition -> Completion) plus a sidebar - appropriate for this app's clinical workflow, but doesn't map directly onto a generic multi-level (L1/L2/L3) menu hierarchy. IST Health Tel",Existing control - evidence missing (tentative),Pending Stage 2 evidence discovery,TBD,TBD,TBD,TBD,Pending,,Partial,Partial,Not yet triaged
UX,NFR-007,User Experience ,"Usability Aspects :Enhance user interaction with intuitive action buttons , global search feature, less time to do stuff",Non-mandatory,Partial,"Partial (strengthened 2026-08-04) - a real cross-application global search now exists: GET /api/v1/search spans both real, structured data sources in one call - protocols (reusing the existing scored searchClinicalProtocols() unchanged) and queue cases (a new scorer matching istStaffId/summary/reaso",Partial,"Partial (strengthened 2026-08-04) - a real cross-application global search now exists: GET /api/v1/search spans both real, structured data sources in one call - protocols (reusing the existing scored searchClinicalProtocols() unchanged) and queue cas",Existing control - evidence missing (tentative),Pending Stage 2 evidence discovery,TBD,TBD,TBD,TBD,Pending,,Partial,Partial,Not yet triaged
UX,NFR-008,User Experience ,"Learnability : Less cognitive load. Prioritize the ease of uses, ensuring users can quickly adapt and utilize its functionalities effectively",Non-mandatory,Partial,"Partial - a real, if partial, usability measurement now exists: GET /api/v1/admin/feedback-summary (src/services/feedbackSummary.ts) aggregates the real nurse-submitted ratings from the feedback capture mechanism (NFR-011) into a total-response count, average rating, and recent comments - honestly r",Partial,"Partial - a real, if partial, usability measurement now exists: GET /api/v1/admin/feedback-summary (src/services/feedbackSummary.ts) aggregates the real nurse-submitted ratings from the feedback capture mechanism (NFR-011) into a total-response count",Existing control - evidence missing (tentative),Pending Stage 2 evidence discovery,TBD,TBD,TBD,TBD,Pending,,Partial,Partial,Not yet triaged
UX,NFR-009,User Experience ,"Accessibility : Comply with standards. Using tabs to navigate on pages/form elements by using tabs, Good contrast for low-vision and color-blindness to view content, etc",Non-mandatory,Partial,"Same automated axe-core baseline as NFR-195 applies here (tab navigation, contrast) - 0 violations found on the 2 pages scanned, but this is not a full manual accessibility review.",Partial,"Same automated axe-core baseline as NFR-195 applies here (tab navigation, contrast) - 0 violations found on the 2 pages scanned, but this is not a full manual accessibility review.",Testing or validation closure,Pending Stage 2 evidence discovery,TBD,TBD,TBD,TBD,Pending,,Partial,Partial,Not yet triaged
UX,NFR-010,User Experience ,Training and Support : Provide resources for users to strengthen their ability to interact with the system.,Non-mandatory,No,"No in-app help/training content exists for general onboarding - the standalone Help page serves a different, narrower purpose (restricted-content lookup). IST Health Tele-Triage remediation, questionnaire review pass 2026-08-04.",No,none (closed),Engineering closure,Audit coverage extended to createQueueItem + MFA enrollment,Backend eng,none,S,Low,npx jest --runInBand (692 baseline),"src/services/queueOrchestration.ts:1936, src/services/securityAdmin.ts:2850,2895",Yes,Yes,Closed
UX,NFR-011,User Experience ,"Gathering feedback :Gathering feedback from users and analyzing their behaviors, preferences, and pain points",Non-mandatory,Partial,"Partial - a real user-feedback capture mechanism now exists: POST /api/v1/feedback (src/routes/feedback.ts) persists a 1-5 rating plus optional comment, tied to the nurse's user/role and where in the app it was given (new UserFeedback Prisma model). A minimal widget (FeedbackWidget.tsx) is wired int",Partial,none (closed),Engineering closure,Soft-delete implemented (TriageQueueItem.deletedAt/deletedBy),Backend eng,none,S,Low,tests/softDeleteAndOrgExport.test.ts + DB-verified scratch script,"src/services/queueOrchestration.ts, prisma/migrations/20260804210206_add_queue_item_soft_delete",Yes,Yes,Closed
UX,NFR-012,User Experience ,"Multilingual Support : Confirm that the solution supports Arabic data sets and Right-to-Left (RTL) languages across all end-user UI elements, including forms, reports and notifications.",Non-mandatory,Partial,"Partial - real RTL/locale infrastructure now exists: a LocaleContext (frontend/src/i18n/LocaleContext.tsx) sets document.documentElement lang/dir and persists the choice; a real EN/Arabic toggle is wired on the login page (previously designed CSS, never connected to any component); and the app's exi",Partial,"Partial - real RTL/locale infrastructure now exists: a LocaleContext (frontend/src/i18n/LocaleContext.tsx) sets document.documentElement lang/dir and persists the choice; a real EN/Arabic toggle is wired on the login page (previously designed CSS, ne",Existing control - evidence missing (tentative),Pending Stage 2 evidence discovery,TBD,TBD,TBD,TBD,Pending,,Partial,Partial,Not yet triaged
UX,NFR-013,User Experience ,"Intuitive Navigation
Clear, role-based for users
Easy access to key functions
Consistent, clearly labeled navigation elements
Logical grouping of related features and workflows
Minimal clicks to complete common tasks",Non-mandatory,Yes,"Real, fine-grained role-based navigation exists - sidebar/menu items and reachable routes are gated by the same 66-permission RBAC system used across the whole app (src/services/authorization.ts, src/middleware/rbac.ts), confirmed by code review. IST Health Tele-Triage remediation, questionnaire rev",Yes,none,Fully compliant,No action - already Yes,,,,,Existing (see remarks),"Real, fine-grained role-based navigation exists - sidebar/menu items and reachable routes are gated by the same 66-permission RBAC system used across the whole app (src/services/authorization.ts, src/",Yes,Yes,Closed
UX,NFR-014,User Experience ,"Efficient Data Entry & Retrieval
Minimize cognitive load and input effort
Use the right input type for the data being collected
Support autocomplete and smart defaults (Input Assistance)
Enable advanced search and filters
Use inline validation and error prevention
Provide immediate, clear feedback on actions (System Feedback)",Non-mandatory,Partial,"Inline validation exists on Zod-backed forms (real) - there is no autocomplete/smart-defaults layer beyond native HTML input behavior. IST Health Tele-Triage remediation, questionnaire review pass 2026-08-04.",Partial,"Inline validation exists on Zod-backed forms (real) - there is no autocomplete/smart-defaults layer beyond native HTML input behavior. IST Health Tele-Triage remediation, questionnaire review pass 2026-08-04.",Existing control - evidence missing (tentative),Pending Stage 2 evidence discovery,TBD,TBD,TBD,TBD,Pending,,Partial,Partial,Not yet triaged
UX,NFR-015,User Experience ,"Responsiveness & Accessibility
Mobile friendly:  Fully responsive design for seamless use on desktops, tablets, and mobile devices
Compliance with WCAG 2.1 or equivalent accessibility standards (Accessibility Compliance)",Mandatory,Partial,"Automated WCAG 2.0/2.1 A+AA audit performed 2026-08-04 (axe-core via Playwright, scripts/a11yAudit.mjs) against the live login page and authenticated Nurse Cockpit on ist-triage-soc2. Found and fixed 1 real color-contrast violation (login footer links, ~2.5:1 -> ~5.3:1). Re-audit after the fix: 0 vi",Partial,"Automated WCAG 2.0/2.1 A+AA audit performed 2026-08-04 (axe-core via Playwright, scripts/a11yAudit.mjs) against the live login page and authenticated Nurse Cockpit on ist-triage-soc2. Found and fixed 1 real color-contrast violation (login footer link",Existing control - evidence missing (tentative),Pending Stage 2 evidence discovery,TBD,TBD,TBD,TBD,Pending,,Partial,Partial,Not yet triaged
UX,NFR-016,User Experience ,"Branding & Custom Theme : Confirm the ability to apply Qatar Airways branding (logo, colour palette, fonts, custom themes) consistently across all modules, screens, email templates and notifications (QR to provide brand guidelines).",Mandatory,No,"The application uses its own IST Health branding today - no Qatar Airways-specific theme has been built. Technically straightforward to add (CSS custom properties already drive theming throughout, e.g. cockpit.css's :root tokens), but not done, and would require QR to provide brand guidelines/assets",No,"The application uses its own IST Health branding today - no Qatar Airways-specific theme has been built. Technically straightforward to add (CSS custom properties already drive theming throughout, e.g. cockpit.css's :root tokens), but not done, and w",Cannot currently comply,Pending Stage 2 evidence discovery,TBD,TBD,TBD,TBD,Pending,,No,No,Not yet triaged
UX,NFR-017,User Experience ,"User Guidance & Help
Contextual help, tooltips, and onboarding guides for new users",Non-mandatory,Partial,"Some inline rationale/guidance text exists on clinical question cards (the step-rationale styling, real and in production use) - there is no general onboarding flow or tooltip system for new users. IST Health Tele-Triage remediation, questionnaire review pass 2026-08-04.",Partial,"Some inline rationale/guidance text exists on clinical question cards (the step-rationale styling, real and in production use) - there is no general onboarding flow or tooltip system for new users. IST Health Tele-Triage remediation, questionnaire re",Existing control - evidence missing (tentative),Pending Stage 2 evidence discovery,TBD,TBD,TBD,TBD,Pending,,Partial,Partial,Not yet triaged
AI,NFR-001,API Security,"System should Protect APIs via API Management with OAuth2.0. All AI related APIs must require strong authentication (API keys, OAuth, or JWT) and RBAC (role‑based access control).
Only authorized services/users can call the AI endpoints and with IP restriction",Non-mandatory,N/A,"No dedicated 'AI API' exists to secure with OAuth2/RBAC/IP restriction - the RAG-shadow scorer is an internal library function call, never an exposed endpoint; the app's real API surface has its own real RBAC (66 permission codes). IST Health Tele-Triage remediation, questionnaire review pass 2026-0",N/A,Not applicable,Valid N/A,No action,,,,,,"No dedicated 'AI API' exists to secure with OAuth2/RBAC/IP restriction - the RAG-shadow scorer is an internal library function call, never an exposed endpoint; the app's real API surface has its own r",N/A,N/A,Closed
AI,NFR-002,API Security,All APIs must undergo Dynamic Application Security Testing (DAST) to ensure protection against runtime vulnerabilities before deployment.,Non-mandatory,Partial,"A lightweight, scripted DAST-style probe now exists (scripts/dastProbe.mjs, scheduled weekly, added this engagement) covering security headers/exposed-paths/injection checks - explicitly not equivalent to a full commercial DAST/pentest tool, and not AI-specific since there is no AI API surface. IST ",Partial,"A lightweight, scripted DAST-style probe now exists (scripts/dastProbe.mjs, scheduled weekly, added this engagement) covering security headers/exposed-paths/injection checks - explicitly not equivalent to a full commercial DAST/pentest tool, and not ",Testing or validation closure,Pending Stage 2 evidence discovery,TBD,TBD,TBD,TBD,Pending,,Partial,Partial,Not yet triaged
AI,NFR-003,API Security,"Confirm that the solution complies with Model Context Protocol (MCP) and Agent-to-Agent (A2A) communication standards (where applicable) and implements the associated authentication, authorisation and auditability controls.",Non-mandatory,N/A,"No agent-to-agent (A2A) or Model Context Protocol architecture exists in this system. IST Health Tele-Triage remediation, questionnaire review pass 2026-08-04.",N/A,Not applicable,Valid N/A,No action,,,,,,"No agent-to-agent (A2A) or Model Context Protocol architecture exists in this system. IST Health Tele-Triage remediation, questionnaire review pass 2026-08-04.",N/A,N/A,Closed
AI,NFR-004,Data Privacy & Logging,System must comply with PII / other sensitive data must be masked or redacted in application logs to prevent unauthorized disclosure and ensure compliance with data protection standards,Mandatory,Partial,"No systematic log-scrubbing audit has confirmed PII never lands in logs, but the request-duration logging added this engagement (src/middleware/requestDuration.ts) was deliberately designed to log only method/path/status/duration - never request/response bodies - excluding PII by construction from t",Partial,"No systematic log-scrubbing audit has confirmed PII never lands in logs, but the request-duration logging added this engagement (src/middleware/requestDuration.ts) was deliberately designed to log only method/path/status/duration - never request/resp",Existing control - evidence missing (tentative),Pending Stage 2 evidence discovery,TBD,TBD,TBD,TBD,Pending,,Partial,Partial,Not yet triaged
AI,NFR-005,Data Privacy & Logging,"Ensure all prompts, completions, and training data comply with data protection regulations (e.g., GDPR, HIPAA). Sensitive data must never be exposed in AI outputs.",Mandatory,N/A,"No prompts/completions/training data exist - there is no generative AI component in this system to comply with this requirement about. IST Health Tele-Triage remediation, questionnaire review pass 2026-08-04.",N/A,Not applicable,Valid N/A,No action,,,,,,"No prompts/completions/training data exist - there is no generative AI component in this system to comply with this requirement about. IST Health Tele-Triage remediation, questionnaire review pass 202",N/A,N/A,Closed
AI,NFR-006,Data Privacy & Logging,"QR data, including inputs, prompts, and outputs, must not be used for training, fine-tuning, or improving any large learning models to ensure data privacy and compliance.",Mandatory,Yes,"Trivially true by construction - no model is trained on any data, QR's or otherwise, since no model exists in this system. IST Health Tele-Triage remediation, questionnaire review pass 2026-08-04.",Yes,none,Fully compliant,No action - already Yes,,,,,Existing (see remarks),"Trivially true by construction - no model is trained on any data, QR's or otherwise, since no model exists in this system. IST Health Tele-Triage remediation, questionnaire review pass 2026-08-04.",Yes,Yes,Closed
AI,NFR-007,Data Privacy & Logging,"Prompts and completions generated by the system must not be stored or retained beyond the approved data retention period, as defined by organizational policies and regulatory requirements.",Non-mandatory,N/A,"Not applicable - nothing is generated to have a retention period for. IST Health Tele-Triage remediation, questionnaire review pass 2026-08-04.",N/A,Not applicable,Valid N/A,No action,,,,,,"Not applicable - nothing is generated to have a retention period for. IST Health Tele-Triage remediation, questionnaire review pass 2026-08-04.",N/A,N/A,Closed
AI,NFR-008,Data Privacy & Logging,"System must list all third-party AI service providers (e.g., OpenAI via Azure, Gemini via Google) used for processing data must be explicitly listed as sub-processors in the organization’s Data Processing Addendum (DPA) to ensure transparency and compliance with data protection regulations",Mandatory,Yes,"Trivially true - no third-party AI service provider (OpenAI, Gemini, Azure OpenAI, etc.) is used anywhere in this system, so there is nothing to disclose as a sub-processor. IST Health Tele-Triage remediation, questionnaire review pass 2026-08-04.",Yes,none,Fully compliant,No action - already Yes,,,,,Existing (see remarks),"Trivially true - no third-party AI service provider (OpenAI, Gemini, Azure OpenAI, etc.) is used anywhere in this system, so there is nothing to disclose as a sub-processor. IST Health Tele-Triage rem",Yes,Yes,Closed
AI,NFR-009,Data Privacy & Logging,"Confirm that zero-retention agreements are in place with all underlying model providers, and that no prompts, completions or customer data are stored, cached or retained beyond the processing session. Provide the contractual clauses.",Mandatory,N/A,"No model providers are used at all, so zero-retention agreements are not applicable. IST Health Tele-Triage remediation, questionnaire review pass 2026-08-04.",N/A,Not applicable,Valid N/A,No action,,,,,,"No model providers are used at all, so zero-retention agreements are not applicable. IST Health Tele-Triage remediation, questionnaire review pass 2026-08-04.",N/A,N/A,Closed
AI,NFR-010,"Infra Security / 
General Subscription Security","System must comply with cloud-native security services such as Azure Defender, Google Cloud Security Command Center, or equivalent solutions for other cloud platforms must be enabled and configured to provide continuous threat detection, vulnerability management, and compliance monitoring across all environments",Mandatory,No - blocked,"GCP Security Command Center is not confirmed enabled/configured for this project - not verified as active. IST Health Tele-Triage remediation, questionnaire review pass 2026-08-04. Update 2026-08-04: investigated directly. This GCP account has NO Organization resource at all (`gcloud organizations l",Other,none (closed),Engineering closure,Audit coverage extended to createQueueItem + MFA enrollment,Backend eng,none,S,Low,npx jest --runInBand (692 baseline),"src/services/queueOrchestration.ts:1936, src/services/securityAdmin.ts:2850,2895",Yes,Yes,Closed
AI,NFR-011,"Infra Security / 
General Subscription Security",System should comply with cloud vendor policy frameworks to enforce and continuously audit compliance across all environments,Non-mandatory,Partial,The application runs on GCP and inherits Google's own compliance posture (independently SOC 2 Type II and ISO 27001 certified as a platform) - no formal internal audit of this project's specific configuration against a cloud-vendor policy framework has been performed. IST Health Tele-Triage remediat,Partial,none (closed),Engineering closure,Soft-delete implemented (TriageQueueItem.deletedAt/deletedBy),Backend eng,none,S,Low,tests/softDeleteAndOrgExport.test.ts + DB-verified scratch script,"src/services/queueOrchestration.ts, prisma/migrations/20260804210206_add_queue_item_soft_delete",Yes,Yes,Closed
AI,NFR-012,"Infra Security / 
Network & Perimeter Security","All services must be deployed on private networks and utilize Private Link (or equivalent cloud-native private connectivity solutions) to ensure secure, isolated communication without exposure to the public internet.",Non-mandatory,No,"Cloud Run services are deployed with public HTTPS ingress and rely on the application's own session-based authentication for access control, not private networking/Private Link. IST Health Tele-Triage remediation, questionnaire review pass 2026-08-04.",No,"Cloud Run services are deployed with public HTTPS ingress and rely on the application's own session-based authentication for access control, not private networking/Private Link. IST Health Tele-Triage remediation, questionnaire review pass 2026-08-04",Cannot currently comply,Pending Stage 2 evidence discovery,TBD,TBD,TBD,TBD,Pending,,No,No,Not yet triaged
AI,NFR-013,"Infra Security / 
Network & Perimeter Security","All critical workloads must have public network access completely disabled, ensuring they are only accessible through private networks, VPNs, or approved secure connectivity mechanisms.",Non-mandatory,No,"Same as above - the application is intentionally public-facing (with app-level auth), not network-isolated, for any of its workloads. IST Health Tele-Triage remediation, questionnaire review pass 2026-08-04.",No,"Same as above - the application is intentionally public-facing (with app-level auth), not network-isolated, for any of its workloads. IST Health Tele-Triage remediation, questionnaire review pass 2026-08-04.",Cannot currently comply,Pending Stage 2 evidence discovery,TBD,TBD,TBD,TBD,Pending,,No,No,Not yet triaged
AI,NFR-014,"Infra Security / 
Network & Perimeter Security","All workloads must implement network security controls by using firewalls, configuring approved IP ranges for access, and enabling Distributed Denial of Service (DDoS) protection to safeguard against unauthorized access and volumetric attacks.",Mandatory,Partial,"An optional IP allowlisting middleware now exists (src/middleware/ipAllowlist.ts, added this engagement, no-op unless IP_ALLOWLIST is configured) plus Cloud Run/GCP's baseline platform-level DDoS protection - no WAF (e.g. Cloud Armor) is configured in front of these services. IST Health Tele-Triage ",Partial,"An optional IP allowlisting middleware now exists (src/middleware/ipAllowlist.ts, added this engagement, no-op unless IP_ALLOWLIST is configured) plus Cloud Run/GCP's baseline platform-level DDoS protection - no WAF (e.g. Cloud Armor) is configured i",Cloud or infrastructure closure,Pending Stage 2 evidence discovery,TBD,TBD,TBD,TBD,Pending,,Partial,Partial,Not yet triaged
AI,NFR-015,"Infra Security / 
Network & Perimeter Security","All web and API endpoints must be protected using a Web Application Firewall (WAF) operating at Layer 7, and their exposure must be restricted to internal networks or approved private connectivity mechanisms.",Non-mandatory,No,"No Layer-7 WAF (e.g. Cloud Armor) is confirmed configured in front of either environment. IST Health Tele-Triage remediation, questionnaire review pass 2026-08-04. Update 2026-08-04: investigated as a potential quick win. Cloud Armor (GCP's WAF) only attaches to HTTP(S) Load Balancers, not directly ",No,"No Layer-7 WAF (e.g. Cloud Armor) is confirmed configured in front of either environment. IST Health Tele-Triage remediation, questionnaire review pass 2026-08-04. Update 2026-08-04: investigated as a potential quick win. Cloud Armor (GCP's WAF) only",Cloud or infrastructure closure,Pending Stage 2 evidence discovery,TBD,TBD,TBD,TBD,Pending,,No,No,Not yet triaged
AI,NFR-016,Secrets & Key Management,"All application and API secrets (such as credentials, tokens, and encryption keys) must be securely stored and managed using QR centralized Key Vault or equivalent cloud-native secret management service",Mandatory,Partial,"GCP Secret Manager is used as a centralized vault for the soc2 environment's secrets (DATABASE_URL, AUTH_JWT_SECRET, AUDIT_HMAC_SECRET, all confirmed real) - the live demo environment still has DATABASE_URL as a plaintext env var and no JWT/audit secrets at all, a known, deliberately-deferred gap (R",Partial,"GCP Secret Manager is used as a centralized vault for the soc2 environment's secrets (DATABASE_URL, AUTH_JWT_SECRET, AUDIT_HMAC_SECRET, all confirmed real) - the live demo environment still has DATABASE_URL as a plaintext env var and no JWT/audit sec",Existing control - evidence missing (tentative),Pending Stage 2 evidence discovery,TBD,TBD,TBD,TBD,Pending,,Partial,Partial,Not yet triaged
AI,NFR-017,Secrets & Key Management,"System should comply with soft delete and purge protection must be enabled for all Key Vault instances to prevent accidental or malicious deletion of secrets, keys, and certificates.",Non-mandatory,Unverified,"Secret Manager's default soft-delete/purge-protection behavior for secret versions has not been explicitly reviewed or configured for this project. IST Health Tele-Triage remediation, questionnaire review pass 2026-08-04.",Other,"Secret Manager's default soft-delete/purge-protection behavior for secret versions has not been explicitly reviewed or configured for this project. IST Health Tele-Triage remediation, questionnaire review pass 2026-08-04.",Cannot currently comply,Pending Stage 2 evidence discovery,TBD,TBD,TBD,TBD,Pending,,Other,Other,Not yet triaged
AI,NFR-018,Secrets & Key Management,"System should comply with Key Vault instances must enforce firewall rules to allow access only from trusted networks, ensuring that all requests originate from approved IP ranges or private endpoints.",Non-mandatory,No,"Secret Manager access is governed by IAM (service-account scoping), not network firewall rules - a real but different control than a 'vault firewall'. IST Health Tele-Triage remediation, questionnaire review pass 2026-08-04.",No,"Secret Manager access is governed by IAM (service-account scoping), not network firewall rules - a real but different control than a 'vault firewall'. IST Health Tele-Triage remediation, questionnaire review pass 2026-08-04.",Cloud or infrastructure closure,Pending Stage 2 evidence discovery,TBD,TBD,TBD,TBD,Pending,,No,No,Not yet triaged
AI,NFR-019,Storage & Database Security,System should enable Defender or equivalent for Storage and databases,Non-mandatory,No,"No dedicated Defender-for-Storage/DB-equivalent scanning is configured for Cloud SQL or Cloud Storage in this project. IST Health Tele-Triage remediation, questionnaire review pass 2026-08-04.",No,"No dedicated Defender-for-Storage/DB-equivalent scanning is configured for Cloud SQL or Cloud Storage in this project. IST Health Tele-Triage remediation, questionnaire review pass 2026-08-04.",Testing or validation closure,Pending Stage 2 evidence discovery,TBD,TBD,TBD,TBD,Pending,,No,No,Not yet triaged
AI,NFR-020,Storage & Database Security,System should comply with customer-managed keys for at-rest encryption where required.,Non-mandatory,No,"Cloud SQL uses Google-managed encryption keys by default - customer-managed keys (CMEK) were explicitly investigated this engagement and found to be enable-at-creation-only (cannot be retrofitted onto the existing shared instance without a disruptive migration) - a documented, deliberate accepted ri",No,Cloud SQL uses Google-managed encryption keys by default - customer-managed keys (CMEK) were explicitly investigated this engagement and found to be enable-at-creation-only (cannot be retrofitted onto the existing shared instance without a disruptive,Cannot currently comply,Pending Stage 2 evidence discovery,TBD,TBD,TBD,TBD,Pending,,No,No,Not yet triaged
AI,NFR-021,Storage & Database Security,System should define strict firewall policies for storage and database resources.,Non-mandatory,Partial,"Cloud SQL connections use the Cloud SQL Auth Proxy pattern (confirmed, used throughout this engagement) rather than open public database ports - no formally documented firewall-policy review has been performed. IST Health Tele-Triage remediation, questionnaire review pass 2026-08-04.",Partial,"Cloud SQL connections use the Cloud SQL Auth Proxy pattern (confirmed, used throughout this engagement) rather than open public database ports - no formally documented firewall-policy review has been performed. IST Health Tele-Triage remediation, que",Existing control - evidence missing (tentative),Pending Stage 2 evidence discovery,TBD,TBD,TBD,TBD,Pending,,Partial,Partial,Not yet triaged
AI,NFR-022,Storage & Database Security,"System should comply with Azure Active Directory (AD) authentication must be used for accessing storage accounts, and shared key authorization must be disabled to enforce identity-based access control and improve security posture",Non-mandatory,No,"Database authentication uses Postgres username/password via Secret Manager, not Azure AD - this CAIQ-style control is written in Azure-specific language that doesn't map directly onto this GCP-based stack. IST Health Tele-Triage remediation, questionnaire review pass 2026-08-04.",No,"Database authentication uses Postgres username/password via Secret Manager, not Azure AD - this CAIQ-style control is written in Azure-specific language that doesn't map directly onto this GCP-based stack. IST Health Tele-Triage remediation, question",Cannot currently comply,Pending Stage 2 evidence discovery,TBD,TBD,TBD,TBD,Pending,,No,No,Not yet triaged
AI,NFR-023,"Observability, Monitoring & Compliance","All cloud environments and related services must be continuously monitored for security findings, and identified issues must be validated and remediated within defined SLAs to maintain compliance and reduce risk exposure.",Mandatory,Partial,"Real uptime, error-rate, latency, and saturation alert policies now exist (all added/verified this engagement) with a real email notification channel - there is no formal security-finding-specific monitoring/remediation-SLA process on top of this general availability/performance monitoring. IST Heal",Partial,"Real uptime, error-rate, latency, and saturation alert policies now exist (all added/verified this engagement) with a real email notification channel - there is no formal security-finding-specific monitoring/remediation-SLA process on top of this gen",Existing control - evidence missing (tentative),Pending Stage 2 evidence discovery,TBD,TBD,TBD,TBD,Pending,,Partial,Partial,Not yet triaged
AI,NFR-024,"Observability, Monitoring & Compliance","System should comply with All infrastructure, and security logs must be centralized in a unified logging and monitoring platform (e.g., Microsoft Sentinel or equivalent) to enable real-time threat detection, compliance reporting, and operational visibility.",Non-mandatory,Partial,"Partial - a real, protocol-agnostic log-streaming export path now exists: a Cloud Logging sink (ist-triage-soc2-siem-export) streams all ist-triage-soc2 application/request logs in real time into a Pub/Sub topic (siem-log-export), verified live end-to-end (2026-08-04: real HTTP requests against tria",Partial,"Partial - a real, protocol-agnostic log-streaming export path now exists: a Cloud Logging sink (ist-triage-soc2-siem-export) streams all ist-triage-soc2 application/request logs in real time into a Pub/Sub topic (siem-log-export), verified live end-t",Existing control - evidence missing (tentative),Pending Stage 2 evidence discovery,TBD,TBD,TBD,TBD,Pending,,Partial,Partial,Not yet triaged
AI,NFR-025,"Observability, Monitoring & Compliance","All enterprise data must be classified and discoverable using an approved data governance platform (e.g., Microsoft Purview). Systems must validate input and output data quality against defined rules to ensure accuracy, consistency, and compliance.",Non-mandatory,No,"No data classification/governance platform (e.g. Microsoft Purview or equivalent) is in use. IST Health Tele-Triage remediation, questionnaire review pass 2026-08-04.",No,"No data classification/governance platform (e.g. Microsoft Purview or equivalent) is in use. IST Health Tele-Triage remediation, questionnaire review pass 2026-08-04.",Cannot currently comply,Pending Stage 2 evidence discovery,TBD,TBD,TBD,TBD,Pending,,No,No,Not yet triaged
AI,NFR-026,Operational & Cost Governance,"Cost model for AI services must be transparent, explicitly stating whether usage is included in the license or billed on a consumption basis (e.g., per token, credit, or request), and this information must be documented and communicated to stakeholders.",Non-mandatory,N/A,"No AI service consumption exists to have a cost model for. IST Health Tele-Triage remediation, questionnaire review pass 2026-08-04.",N/A,Not applicable,Valid N/A,No action,,,,,,"No AI service consumption exists to have a cost model for. IST Health Tele-Triage remediation, questionnaire review pass 2026-08-04.",N/A,N/A,Closed
AI,NFR-027,Operational & Cost Governance,"Centralized FinOps dashboard must be implemented to provide real-time visibility into cloud costs, usage, and optimization opportunities across all environments, enabling accurate forecasting, budget tracking, and cost accountability.",Non-mandatory,Partial,"Cost-visibility infrastructure is real and prepared (a BigQuery billing-export dataset, added this engagement) - one manual Google Cloud Billing Console step remains to link it as the billing export destination, outside this session's access. IST Health Tele-Triage remediation, questionnaire review ",Partial,"Cost-visibility infrastructure is real and prepared (a BigQuery billing-export dataset, added this engagement) - one manual Google Cloud Billing Console step remains to link it as the billing export destination, outside this session's access. IST Hea",Existing control - evidence missing (tentative),Pending Stage 2 evidence discovery,TBD,TBD,TBD,TBD,Pending,,Partial,Partial,Not yet triaged
AI,NFR-028,Operational & Cost Governance,"Rate limiting must be implemented for AI service usage by setting configurable caps (e.g., daily token limits, request quotas) to prevent unexpected overage charges and ensure predictable cost management",Mandatory,N/A,"No AI service usage exists to cap - general API rate limiting does exist for several sensitive endpoints (login, staff-validate, admin user-status), just not AI-specific. IST Health Tele-Triage remediation, questionnaire review pass 2026-08-04.",N/A,Not applicable,Valid N/A,No action,,,,,,"No AI service usage exists to cap - general API rate limiting does exist for several sensitive endpoints (login, staff-validate, admin user-status), just not AI-specific. IST Health Tele-Triage remedi",N/A,N/A,Closed
AI,NFR-029,Performance & Latency,"AI responses must meet defined latency SLAs (e.g., ≤ 2 seconds for standard queries) and throughput requirements under peak load.",Non-mandatory,N/A,"No AI response path exists to have a latency SLA for. IST Health Tele-Triage remediation, questionnaire review pass 2026-08-04.",N/A,Not applicable,Valid N/A,No action,,,,,,"No AI response path exists to have a latency SLA for. IST Health Tele-Triage remediation, questionnaire review pass 2026-08-04.",N/A,N/A,Closed
AI,NFR-030,Archival & Purging,Archival & Purging : Confirm the solution can archive and purge user prompts and completions per Qatar Airways' data-retention policy (QR to specify retention period).,Non-mandatory,N/A,"No prompts/completions are generated or stored to archive/purge. IST Health Tele-Triage remediation, questionnaire review pass 2026-08-04.",N/A,Not applicable,Valid N/A,No action,,,,,,"No prompts/completions are generated or stored to archive/purge. IST Health Tele-Triage remediation, questionnaire review pass 2026-08-04.",N/A,N/A,Closed
AI,NFR-031,Backup & Recovery,"System should comply with Backup and recovery mechanisms must be implemented, tested, and validated for all critical services to ensure data integrity and service continuity in the event of failures or disasters.",Non-mandatory,Yes,"Cloud SQL automated daily backups with point-in-time recovery are enabled, and a real restore drill was performed and verified byte-for-byte (docs/restore-drill-2026-08-04.md, added this engagement) - this is now tested, not just configured. IST Health Tele-Triage remediation, questionnaire review p",Yes,none,Fully compliant,No action - already Yes,,,,,Existing (see remarks),"Cloud SQL automated daily backups with point-in-time recovery are enabled, and a real restore drill was performed and verified byte-for-byte (docs/restore-drill-2026-08-04.md, added this engagement) -",Yes,Yes,Closed
AI,NFR-032,GenAI Operations,"The vendor must provide a bias assessment report for the model, covering Demographic groups (gender, region, language, etc.) or Sensitive topics (employment, finance, law, health).",Non-mandatory,N/A,"No model exists to assess for bias. IST Health Tele-Triage remediation, questionnaire review pass 2026-08-04.",N/A,Not applicable,Valid N/A,No action,,,,,,"No model exists to assess for bias. IST Health Tele-Triage remediation, questionnaire review pass 2026-08-04.",N/A,N/A,Closed
AI,NFR-033,GenAI Operations,"The system must:
Detect and reject toxic, discriminatory, or abusive prompts.
Refuse to generate hate speech, stereotypes, or harmful content.",Mandatory,N/A,"No generative model accepts free-text prompts from users to reject toxic/hateful input from. IST Health Tele-Triage remediation, questionnaire review pass 2026-08-04.",N/A,Not applicable,Valid N/A,No action,,,,,,"No generative model accepts free-text prompts from users to reject toxic/hateful input from. IST Health Tele-Triage remediation, questionnaire review pass 2026-08-04.",N/A,N/A,Closed
AI,NFR-034,GenAI Operations,"For  decisions, the system must:
Explain why it gave a particular answer (e.g., key evidence from the knowledge base).
Allow  to inspect and override decisions.",Non-mandatory,"Yes (real, not LLM-based)","The clinical decision engine is deterministic, rules-based STCC protocol matching (inherently more explainable than an LLM) - src/routes/approvalRouter.ts's human-in-the-loop workflow requires a clinician to review, and can override, any flagged disposition with documented rationale before it is fin",Other,"The clinical decision engine is deterministic, rules-based STCC protocol matching (inherently more explainable than an LLM) - src/routes/approvalRouter.ts's human-in-the-loop workflow requires a clinician to review, and can override, any flagged disp",Cannot currently comply,Pending Stage 2 evidence discovery,TBD,TBD,TBD,TBD,Pending,,Other,Other,Not yet triaged
AI,NFR-035,GenAI Operations,End-to-end Latency : Confirm that AI responses meet a defined latency SLA (target ≤2 seconds for 95% of standard queries). Provide evidence from production measurements.,Non-mandatory,N/A,"No generative AI response path exists to have a latency target for. IST Health Tele-Triage remediation, questionnaire review pass 2026-08-04.",N/A,Not applicable,Valid N/A,No action,,,,,,"No generative AI response path exists to have a latency target for. IST Health Tele-Triage remediation, questionnaire review pass 2026-08-04.",N/A,N/A,Closed
AI,NFR-036,GenAI Operations,"System must Alert when:
Hallucination rate or error rate exceeds thresholds.
Sudden spikes in toxic or unsafe content occur.",Non-mandatory,N/A,"Nothing generates content that could hallucinate or produce toxic output. IST Health Tele-Triage remediation, questionnaire review pass 2026-08-04.",N/A,Not applicable,Valid N/A,No action,,,,,,"Nothing generates content that could hallucinate or produce toxic output. IST Health Tele-Triage remediation, questionnaire review pass 2026-08-04.",N/A,N/A,Closed
AI,NFR-037,GenAI Operations,"Model versioning and rollback
Every model update must be versioned and tested before going live.
Must be able to roll back to a previous version if quality or safety degrades.",Non-mandatory,N/A,"No production model exists to version or roll back. IST Health Tele-Triage remediation, questionnaire review pass 2026-08-04.",N/A,Not applicable,Valid N/A,No action,,,,,,"No production model exists to version or roll back. IST Health Tele-Triage remediation, questionnaire review pass 2026-08-04.",N/A,N/A,Closed
AI,NFR-038,GenAI Operations,Scalability : Confirm that the solution scales to Qatar Airways' peak concurrent-user projection (QR to specify along with functional requiements) without degradation. Provide load-test results.,Non-mandatory,Partial,"A real load-test baseline was performed this engagement (docs/load-test-baseline-2026-08-04.md, 10 concurrent workers x 20 requests) - it found a genuine gap (queue/protocols endpoints exceeding the 3s p95/p99 target), not a clean pass, and was a single-burst baseline, not a full capacity-planning e",Partial,"A real load-test baseline was performed this engagement (docs/load-test-baseline-2026-08-04.md, 10 concurrent workers x 20 requests) - it found a genuine gap (queue/protocols endpoints exceeding the 3s p95/p99 target), not a clean pass, and was a sin",Existing control - evidence missing (tentative),Pending Stage 2 evidence discovery,TBD,TBD,TBD,TBD,Pending,,Partial,Partial,Not yet triaged
AI,NFR-039,GenAI Operations,"Real time dashboards for Latency, error rate, hallucination rate, and bias flags.",Non-mandatory,N/A / Partial,"No hallucination/bias metrics exist since nothing generates content - real uptime/error-rate/latency/saturation dashboards do exist via Cloud Monitoring (added this engagement). IST Health Tele-Triage remediation, questionnaire review pass 2026-08-04.",N/A,Not applicable,Valid N/A,No action,,,,,,No hallucination/bias metrics exist since nothing generates content - real uptime/error-rate/latency/saturation dashboards do exist via Cloud Monitoring (added this engagement). IST Health Tele-Triage,N/A,N/A,Closed
AI,NFR-040,GenAI Operations,"The vendor must have a documented incident response plan for:

Data breaches and Hallucination related incidents (e.g., wrong medical/financial advice).",Mandatory,Partial,"A real incident-response plan exists (docs/incident-response-plan.md) covering general security/availability incidents - it does not and cannot cover 'hallucination' incidents specifically, since there is no generative model in this system. IST Health Tele-Triage remediation, questionnaire review pa",Partial,"A real incident-response plan exists (docs/incident-response-plan.md) covering general security/availability incidents - it does not and cannot cover 'hallucination' incidents specifically, since there is no generative model in this system. IST Healt",Existing control - evidence missing (tentative),Pending Stage 2 evidence discovery,TBD,TBD,TBD,TBD,Pending,,Partial,Partial,Not yet triaged
AI,NFR-041,GenAI Operations,"The product must comply with relevant regulations (e.g., GDPR, HIPAA, local data‑protection laws) for your use case.
The vendor must provide a compliance and security questionnaire (SOC 2, ISO 27001, etc.).",Mandatory,Partial,"This entire engagement's remediation work (risk register, data-governance status doc, SOC 2-oriented fixes across auth/audit/retention/DR) is real evidence toward SOC 2/ISO 27001 readiness - no formal SOC 2 Type II or ISO 27001 certification exists yet, which requires an external accredited auditor ",Partial,"This entire engagement's remediation work (risk register, data-governance status doc, SOC 2-oriented fixes across auth/audit/retention/DR) is real evidence toward SOC 2/ISO 27001 readiness - no formal SOC 2 Type II or ISO 27001 certification exists y",External audit or certification required,Pending Stage 2 evidence discovery,TBD,TBD,TBD,TBD,Pending,,Partial,Partial,Not yet triaged
AI,NFR-042,GenAI Operations,"Retraining : Confirm that the underlying model(s) are retrained or fine-tuned periodically on updated, high-quality data, and that bias/hallucination performance is re-assessed after each major update. Provide the retraining frequency and methodology.",Non-mandatory,N/A,"No model exists to retrain or re-assess for bias. IST Health Tele-Triage remediation, questionnaire review pass 2026-08-04.",N/A,Not applicable,Valid N/A,No action,,,,,,"No model exists to retrain or re-assess for bias. IST Health Tele-Triage remediation, questionnaire review pass 2026-08-04.",N/A,N/A,Closed
AI,NFR-043,GenAI Operations,"The AI must not send user data outside your agreed environment (e.g., on‑prem / private cloud / your VPC).
No training of the model on customer data without explicit consent and anonymization.",Mandatory,Yes,"Trivially true by construction - no data is sent to any external AI provider at all, so there is nothing to consent to sharing beyond this environment. IST Health Tele-Triage remediation, questionnaire review pass 2026-08-04.",Yes,none,Fully compliant,No action - already Yes,,,,,Existing (see remarks),"Trivially true by construction - no data is sent to any external AI provider at all, so there is nothing to consent to sharing beyond this environment. IST Health Tele-Triage remediation, questionnair",Yes,Yes,Closed
AI,NFR-044,GenAI Operations,"System should log every AI request and response (anonymized where requried), including:
Who called it, when, and which prompt.
Which model version was used.",Mandatory,N/A for AI; Partial for the app generally,"No AI requests exist to log with actor/model-version - the app does have real AuditEvent logging with actor attribution for clinical/administrative actions (claim/move/complete/delete/status-change, all confirmed and expanded this engagement), the closest real analog. IST Health Tele-Triage remediat",N/A,Not applicable,Valid N/A,No action,,,,,,"No AI requests exist to log with actor/model-version - the app does have real AuditEvent logging with actor attribution for clinical/administrative actions (claim/move/complete/delete/status-change, a",N/A,N/A,Closed
AI,NFR-045,Prompt & Content Safety,"Prompt Injection Defence : Confirm the solution implements defences against direct and indirect prompt-injection attacks, including input sanitisation, system-prompt isolation, and output filtering. Describe the detection and alerting mechanism.",Mandatory,N/A,"No prompt-accepting interface exists to defend against injection. IST Health Tele-Triage remediation, questionnaire review pass 2026-08-04.",N/A,Not applicable,Valid N/A,No action,,,,,,"No prompt-accepting interface exists to defend against injection. IST Health Tele-Triage remediation, questionnaire review pass 2026-08-04.",N/A,N/A,Closed
AI,NFR-046,Prompt & Content Safety,"Jailbreak Resistance : Provide evidence (red-team results, OWASP LLM Top 10 assessment) that the model and guardrails resist known jailbreak patterns.",Mandatory,N/A,"No model exists to jailbreak. IST Health Tele-Triage remediation, questionnaire review pass 2026-08-04.",N/A,Not applicable,Valid N/A,No action,,,,,,"No model exists to jailbreak. IST Health Tele-Triage remediation, questionnaire review pass 2026-08-04.",N/A,N/A,Closed
AI,NFR-047,Prompt & Content Safety,"Output Filtering : Confirm the system applies toxicity, PII-leak, and policy-violation filters on every model response before it reaches the end user.",Non-mandatory,N/A,"No generated output exists to filter for toxicity/PII/policy violations. IST Health Tele-Triage remediation, questionnaire review pass 2026-08-04.",N/A,Not applicable,Valid N/A,No action,,,,,,"No generated output exists to filter for toxicity/PII/policy violations. IST Health Tele-Triage remediation, questionnaire review pass 2026-08-04.",N/A,N/A,Closed
AI,NFR-048,Grounding & Quality,"RAG Grounding : Where Retrieval-Augmented Generation is used, confirm responses are grounded on Qatar Airways' authorised knowledge sources only, with citations returned to the caller.",Non-mandatory,"Partial, reframed","The RAG-shadow scorer is grounded on the same real STCC vendor-mirror clinical content (Mdb* tables) the deterministic engine uses - it is an internal shadow comparison signal, not a citation-returning answer engine, and it is not QR-specific content. IST Health Tele-Triage remediation, questionnair",Other,"The RAG-shadow scorer is grounded on the same real STCC vendor-mirror clinical content (Mdb* tables) the deterministic engine uses - it is an internal shadow comparison signal, not a citation-returning answer engine, and it is not QR-specific content",Cannot currently comply,Pending Stage 2 evidence discovery,TBD,TBD,TBD,TBD,Pending,,Other,Other,Not yet triaged
AI,NFR-049,Grounding & Quality,"Hallucination Evaluation : Provide the methodology, metrics and recent benchmark results for hallucination / factual-accuracy measurement, including the threshold at which an alert is raised.",Non-mandatory,N/A,"No generative text output exists to benchmark for factual accuracy or hallucination rate. IST Health Tele-Triage remediation, questionnaire review pass 2026-08-04.",N/A,Not applicable,Valid N/A,No action,,,,,,"No generative text output exists to benchmark for factual accuracy or hallucination rate. IST Health Tele-Triage remediation, questionnaire review pass 2026-08-04.",N/A,N/A,Closed
AI,NFR-050,Agent & Tool Governance,"MCP Tools Registry : Confirm there is a registry of all tools / functions exposed to AI agents, with ownership, schema, authorisation policy, and audit trail of invocations. Describe how tools are approved, versioned, and retired.",Non-mandatory,N/A,"No AI-agent/tool-calling architecture exists in this system. IST Health Tele-Triage remediation, questionnaire review pass 2026-08-04.",N/A,Not applicable,Valid N/A,No action,,,,,,"No AI-agent/tool-calling architecture exists in this system. IST Health Tele-Triage remediation, questionnaire review pass 2026-08-04.",N/A,N/A,Closed
AI,NFR-051,Agent & Tool Governance,"Agent Authorisation : Confirm that autonomous agent actions are constrained by a policy engine (allow-list, rate-limits, monetary / blast-radius caps) and require human-in-the-loop for high-impact operations.",Non-mandatory,N/A,"No autonomous AI agents exist to constrain. IST Health Tele-Triage remediation, questionnaire review pass 2026-08-04.",N/A,Not applicable,Valid N/A,No action,,,,,,"No autonomous AI agents exist to constrain. IST Health Tele-Triage remediation, questionnaire review pass 2026-08-04.",N/A,N/A,Closed
AI,NFR-052,Agent & Tool Governance,"A2A Protocol : Confirm conformance with agent-to-agent interoperability standards (e.g. A2A, MCP) and describe how cross-agent identity and authorisation are handled.",Non-mandatory,N/A,"No agent-to-agent architecture exists. IST Health Tele-Triage remediation, questionnaire review pass 2026-08-04.",N/A,Not applicable,Valid N/A,No action,,,,,,"No agent-to-agent architecture exists. IST Health Tele-Triage remediation, questionnaire review pass 2026-08-04.",N/A,N/A,Closed
AI,NFR-053,Model Transparency,"Model & Data Cards : Provide the model card (intended use, limitations, evaluation metrics) and data card (training-data provenance, known biases) for each LLM used.",Non-mandatory,N/A,"No LLM is used, so there is no model/data card to produce. IST Health Tele-Triage remediation, questionnaire review pass 2026-08-04.",N/A,Not applicable,Valid N/A,No action,,,,,,"No LLM is used, so there is no model/data card to produce. IST Health Tele-Triage remediation, questionnaire review pass 2026-08-04.",N/A,N/A,Closed
AI,NFR-054,Model Transparency,"Content Provenance : Confirm that AI-generated content is labelled / watermarked (e.g. C2PA) where required by applicable law, and describe the mechanism.",Non-mandatory,N/A,"No AI-generated content exists to watermark or attach provenance metadata to. IST Health Tele-Triage remediation, questionnaire review pass 2026-08-04.",N/A,Not applicable,Valid N/A,No action,,,,,,"No AI-generated content exists to watermark or attach provenance metadata to. IST Health Tele-Triage remediation, questionnaire review pass 2026-08-04.",N/A,N/A,Closed
AI,NFR-055,Cost Governance,"Per-Tenant Quotas : Confirm enforcement of per-tenant / per-use-case token and request quotas, with configurable soft and hard caps, notifications and auto-cutoff.",Non-mandatory,N/A,"No token-based AI usage exists to quota per tenant. IST Health Tele-Triage remediation, questionnaire review pass 2026-08-04.",N/A,Not applicable,Valid N/A,No action,,,,,,"No token-based AI usage exists to quota per tenant. IST Health Tele-Triage remediation, questionnaire review pass 2026-08-04.",N/A,N/A,Closed
AI,NFR-056,Regulatory,"AI Regulation Compliance : Confirm compliance with applicable AI regulations (e.g. EU AI Act risk classification, local Qatar AI guidelines) and provide the risk-classification document for the intended use case.",Non-mandatory,Likely N/A / low-risk classification - needs legal confirmation,"Since no generative or autonomous AI decisioning component exists, this system likely falls outside or at the lowest tier of most AI-specific regulatory frameworks (EU AI Act, Qatar AI guidance) - this determination should be confirmed by whoever owns regulatory/legal review, not asserted unilateral",Other,"Since no generative or autonomous AI decisioning component exists, this system likely falls outside or at the lowest tier of most AI-specific regulatory frameworks (EU AI Act, Qatar AI guidance) - this determination should be confirmed by whoever own",Privacy or legal closure,Pending Stage 2 evidence discovery,TBD,TBD,TBD,TBD,Pending,,Other,Other,Not yet triaged
AI,NFR-057,Evaluation Framework,"Evaluation Harness : Confirm an evaluation framework (golden-set, adversarial, regression) runs against each model/prompt change before release, and share sample evaluation reports.",Non-mandatory,N/A for AI; Yes for the app generally,"No AI model exists to run a golden-set/adversarial eval on - the application does have a real, growing automated test suite (612 backend tests as of 2026-08-04, gated in CI) serving the equivalent regression-testing purpose for the actual rules-based system. IST Health Tele-Triage remediation, quest",N/A,Not applicable,Valid N/A,No action,,,,,,"No AI model exists to run a golden-set/adversarial eval on - the application does have a real, growing automated test suite (612 backend tests as of 2026-08-04, gated in CI) serving the equivalent reg",N/A,N/A,Closed
AI,NFR-058,Human Oversight,"Human-in-the-Loop : Describe where in the solution human review is mandatory (high-impact decisions, low-confidence responses) and how the review is recorded, audited and fed back into model improvement.",Non-mandatory,"Yes (real, not LLM-based)","Same evidence as row 36 - approvalRouter.ts's clinical approval workflow is real, mandatory human review before high-impact clinical decisions are finalized. IST Health Tele-Triage remediation, questionnaire review pass 2026-08-04.",Other,"Same evidence as row 36 - approvalRouter.ts's clinical approval workflow is real, mandatory human review before high-impact clinical decisions are finalized. IST Health Tele-Triage remediation, questionnaire review pass 2026-08-04.",Cannot currently comply,Pending Stage 2 evidence discovery,TBD,TBD,TBD,TBD,Pending,,Other,Other,Not yet triaged
AI,NFR-059,Agent Autonomy & Guardrails,"System must define and enforce explicit boundaries on what actions an autonomous AI agent can and cannot perform without human approval (e.g., financial transactions, data deletion, external system calls). Action scope must be configurable per agent role.",Non-mandatory,N/A,"No autonomous AI agents exist to set boundaries on. IST Health Tele-Triage remediation, questionnaire review pass 2026-08-04.",N/A,Not applicable,Valid N/A,No action,,,,,,"No autonomous AI agents exist to set boundaries on. IST Health Tele-Triage remediation, questionnaire review pass 2026-08-04.",N/A,N/A,Closed
AI,NFR-060,Human-in-the-Loop (HITL),"System must implement mandatory human approval gates for high-risk, irreversible, or sensitive actions taken by AI agents (e.g., modifying production data, sending external communications, executing financial operations). Escalation criteria must be configurable.",Non-mandatory,"Yes (real, reframed)","The same clinical-approval workflow gates high-risk clinical decisions generally (both the rules engine and any AI-shadow input) - it is not specifically 'AI agent actions' since no autonomous agent exists, but it is a real, mandatory approval gate. IST Health Tele-Triage remediation, questionnaire ",Other,"The same clinical-approval workflow gates high-risk clinical decisions generally (both the rules engine and any AI-shadow input) - it is not specifically 'AI agent actions' since no autonomous agent exists, but it is a real, mandatory approval gate. ",Cannot currently comply,Pending Stage 2 evidence discovery,TBD,TBD,TBD,TBD,Pending,,Other,Other,Not yet triaged
AI,NFR-061,Agent Kill Switch / Emergency Stop,"System must provide an immediate termination capability (kill switch) to halt any AI agent mid-execution at any point, with graceful cleanup of in-progress actions.",Non-mandatory,N/A,"No running AI agent exists to have a kill-switch for. IST Health Tele-Triage remediation, questionnaire review pass 2026-08-04.",N/A,Not applicable,Valid N/A,No action,,,,,,"No running AI agent exists to have a kill-switch for. IST Health Tele-Triage remediation, questionnaire review pass 2026-08-04.",N/A,N/A,Closed
AI,NFR-062,Output Grounding & Confidence Scoring,Agent responses must include confidence scores and source citations/references. The system must verify output grounding against approved knowledge bases and flag ungrounded assertions before acting on them.,Non-mandatory,N/A,"No AI-generated output is shown to end users, so there are no confidence scores/citations to provide. IST Health Tele-Triage remediation, questionnaire review pass 2026-08-04.",N/A,Not applicable,Valid N/A,No action,,,,,,"No AI-generated output is shown to end users, so there are no confidence scores/citations to provide. IST Health Tele-Triage remediation, questionnaire review pass 2026-08-04.",N/A,N/A,Closed
AI,NFR-063,Agent Decision Traceability,"System must log the complete agent reasoning chain including: chain-of-thought, tool call sequence with inputs/outputs, decision rationale (why action A was chosen over B), and sub-agent delegation traces.",Non-mandatory,N/A,"No autonomous agent reasoning chain exists - the deterministic rules engine's decision path is traceable through explainabilityTrace on SafetyAuditDeviationLog instead, a different but conceptually related real capability. IST Health Tele-Triage remediation, questionnaire review pass 2026-08-04.",N/A,Not applicable,Valid N/A,No action,,,,,,"No autonomous agent reasoning chain exists - the deterministic rules engine's decision path is traceable through explainabilityTrace on SafetyAuditDeviationLog instead, a different but conceptually re",N/A,N/A,Closed
Cloud CSQ,CID,Controls,Assessment Questions,Non-mandatory,Supplier Response,"Comments/Remarks
* Supplier need to justify with adequate reason if response to mandatory question is selected as ""No""",Other,"Comments/Remarks
* Supplier need to justify with adequate reason if response to mandatory question is selected as ""No""",Cannot currently comply,Pending Stage 2 evidence discovery,TBD,TBD,TBD,TBD,Pending,,Other,Other,Not yet triaged
Cloud CSQ,CO.01,Independent Audits,Confirm whether the supplier allow customers to view your third party audit reports?,Mandatory,No,"No third-party audit reports exist to share - no formal external audit has been performed against this application. IST Health Tele-Triage remediation, questionnaire review pass 2026-08-04.",No,"No third-party audit reports exist to share - no formal external audit has been performed against this application. IST Health Tele-Triage remediation, questionnaire review pass 2026-08-04.",External audit or certification required,Pending Stage 2 evidence discovery,TBD,TBD,TBD,TBD,Pending,,No,No,Not yet triaged
Cloud CSQ,CO.02,,*Confirm whether the supplier conduct network penetration  tests  of  your  cloud service  infrastructure regularly? If yes please elaborate on your test and remediation process,Mandatory,Partial,"An internal, lightweight, scripted DAST-style probe now exists (scripts/dastProbe.mjs, scheduled weekly) covering security headers/exposed-paths/injection checks - this is explicitly not equivalent to a formal, independent network penetration test, which has never been performed. IST Health Tele-Tri",Partial,"An internal, lightweight, scripted DAST-style probe now exists (scripts/dastProbe.mjs, scheduled weekly) covering security headers/exposed-paths/injection checks - this is explicitly not equivalent to a formal, independent network penetration test, w",External audit or certification required,Pending Stage 2 evidence discovery,TBD,TBD,TBD,TBD,Pending,,Partial,Partial,Not yet triaged
Cloud CSQ,CO.03,,*Confirm whether the supplier conduct regular application penetration tests of your cloud infrastructure according to the industry best practices? If yes please elaborate on your test and remediation process.,Mandatory,No,"No independent application penetration test has been performed against this application. IST Health Tele-Triage remediation, questionnaire review pass 2026-08-04.",No,"No independent application penetration test has been performed against this application. IST Health Tele-Triage remediation, questionnaire review pass 2026-08-04.",External audit or certification required,Pending Stage 2 evidence discovery,TBD,TBD,TBD,TBD,Pending,,No,No,Not yet triaged
Cloud CSQ,CO.04,,*Confirm whether the supplier conduct internal audits regularly according to the industry best practices? If yes please elaborate on your test and remediation process.,Mandatory,Partial,"Real internal review activity happened this engagement (an independent SOC 2 gap analysis, this questionnaire review itself) - there is no recurring, scheduled internal audit program beyond this remediation pass. IST Health Tele-Triage remediation, questionnaire review pass 2026-08-04.",Partial,"Real internal review activity happened this engagement (an independent SOC 2 gap analysis, this questionnaire review itself) - there is no recurring, scheduled internal audit program beyond this remediation pass. IST Health Tele-Triage remediation, q",Existing control - evidence missing (tentative),Pending Stage 2 evidence discovery,TBD,TBD,TBD,TBD,Pending,,Partial,Partial,Not yet triaged
Cloud CSQ,CO.05,,"*Confirm whether the supplier conduct external audits regularly according to the industry best practices? If yes_x000D_
please elaborate on your test and remediation process.",Mandatory,No,"No external audit has ever been performed against this application. IST Health Tele-Triage remediation, questionnaire review pass 2026-08-04.",No,"No external audit has ever been performed against this application. IST Health Tele-Triage remediation, questionnaire review pass 2026-08-04.",External audit or certification required,Pending Stage 2 evidence discovery,TBD,TBD,TBD,TBD,Pending,,No,No,Not yet triaged
Cloud CSQ,CO.06,,Are the results of the network penetration tests available to customers at their request?,Non-mandatory,No,"Not applicable - no network penetration test has been performed, so there are no results to share. IST Health Tele-Triage remediation, questionnaire review pass 2026-08-04.",No,"Not applicable - no network penetration test has been performed, so there are no results to share. IST Health Tele-Triage remediation, questionnaire review pass 2026-08-04.",External audit or certification required,Pending Stage 2 evidence discovery,TBD,TBD,TBD,TBD,Pending,,No,No,Not yet triaged
Cloud CSQ,CO.07,,Confirm whether the results of internal and external audits available to customers at their request?,Mandatory,Partial,"Internal review findings this engagement (risk register, gap-analysis docs, this questionnaire review) are real and could be shared - there has been no formal external audit to share results from. IST Health Tele-Triage remediation, questionnaire review pass 2026-08-04.",Partial,"Internal review findings this engagement (risk register, gap-analysis docs, this questionnaire review) are real and could be shared - there has been no formal external audit to share results from. IST Health Tele-Triage remediation, questionnaire rev",External audit or certification required,Pending Stage 2 evidence discovery,TBD,TBD,TBD,TBD,Pending,,Partial,Partial,Not yet triaged
Cloud CSQ,CO.08,,Confirm whether your organization attested to SOC2 Type2 standards? If yes then share the report. If no then share your roadmap to attain SOC2 Type2?,Mandatory,No,"No SOC 2 Type II attestation exists yet. This engagement's remediation work (risk register, control-matrix-style documentation, real fixes across tenant isolation, audit logging, retention, secrets management) is a genuine self-assessment/readiness step, not the certification itself - engaging an ac",No,"No SOC 2 Type II attestation exists yet. This engagement's remediation work (risk register, control-matrix-style documentation, real fixes across tenant isolation, audit logging, retention, secrets management) is a genuine self-assessment/readiness s",External audit or certification required,Pending Stage 2 evidence discovery,TBD,TBD,TBD,TBD,Pending,,No,No,Not yet triaged
Cloud CSQ,CO.09,,Confirm whether your organization certified to ISO27001 standards?  If not then is it in your roadmap?,Mandatory,No,"No ISO 27001 certification exists. Same readiness-vs-certification distinction as CO.08 applies - this engagement's work is preparatory, not a substitute for formal certification. IST Health Tele-Triage remediation, questionnaire review pass 2026-08-04.",No,"No ISO 27001 certification exists. Same readiness-vs-certification distinction as CO.08 applies - this engagement's work is preparatory, not a substitute for formal certification. IST Health Tele-Triage remediation, questionnaire review pass 2026-08-",External audit or certification required,Pending Stage 2 evidence discovery,TBD,TBD,TBD,TBD,Pending,,No,No,Not yet triaged
Cloud CSQ,CO.10,Third Party Audits,Confirm whether the supplier permit customers to perform independent vulnerability assessments?,Non-mandatory,No,"No formal process exists today for QR to commission an independent vulnerability assessment against this application - this would need to be arranged as a separate engagement. IST Health Tele-Triage remediation, questionnaire review pass 2026-08-04.",No,"No formal process exists today for QR to commission an independent vulnerability assessment against this application - this would need to be arranged as a separate engagement. IST Health Tele-Triage remediation, questionnaire review pass 2026-08-04.",Documentation closure,Pending Stage 2 evidence discovery,TBD,TBD,TBD,TBD,Pending,,No,No,Not yet triaged
Cloud CSQ,CO.11,Contact / Authority Maintenance,Confirm whether the supplier maintain updated liaisons and points of contact with  local  authorities? If  yes then how frequently you validate the contacts?,Non-mandatory,No,"No formal, documented liaison relationship with local regulatory/law-enforcement authorities exists for this application - not applicable to a bespoke internal system at this stage. IST Health Tele-Triage remediation, questionnaire review pass 2026-08-04.",No,"No formal, documented liaison relationship with local regulatory/law-enforcement authorities exists for this application - not applicable to a bespoke internal system at this stage. IST Health Tele-Triage remediation, questionnaire review pass 2026-0",Documentation closure,Pending Stage 2 evidence discovery,TBD,TBD,TBD,TBD,Pending,,No,No,Not yet triaged
Cloud CSQ,CO.12,Information System Regulatory Mapping,"*Confirm whether the supplier have the ability to logically  segment or encrypt customer data such that data may be produced for a single customer only, without inadvertently accessing another customer's data?",Mandatory,Yes,"Real query-level tenant isolation was implemented this engagement (every Prisma query touching tenant-scoped data uses an explicit organizationId filter, verified via a dedicated multiTenantRBAC/tenantScope test suite) - customer (organization) data is logically segmented at the database-query level",Yes,none,Fully compliant,No action - already Yes,,,,,Existing (see remarks),"Real query-level tenant isolation was implemented this engagement (every Prisma query touching tenant-scoped data uses an explicit organizationId filter, verified via a dedicated multiTenantRBAC/tenan",Yes,Yes,Closed
Cloud CSQ,CO.13,,"*Confirm whether the supplier have capability to logically segment, isolate and recover data for a specific customer in the case of a failure or data loss?",Mandatory,Yes,"Org-scoped data export/isolation is now real: GET /api/v1/admin/organizations/:orgId/export (PAM-elevation-gated) logically isolates and recovers every real queue record for one specific tenant, independent of the requesting admin's own tenant scope - closing the demonstrated-capability gap. Closed ",Yes,none,Fully compliant,No action - already Yes,,,,,Existing (see remarks),"Org-scoped data export/isolation is now real: GET /api/v1/admin/organizations/:orgId/export (PAM-elevation-gated) logically isolates and recovers every real queue record for one specific tenant, indep",Yes,Yes,Closed
Cloud CSQ,CO.14,Intellectual Property,*Confirm whether the supplier have policies and procedures in place describing what controls you have in place to protect customer’s data marked as intellectual property?,Mandatory,Yes,"Implemented in docs/data-management-policy.md section 10 (Intellectual property protection) - documents the real controls (tenant isolation, audit logging, export control, no cross-tenant model training) that protect customer content marked as IP. Closed 2026-08-05 (Batch 1, max-compliance program):",Yes,none,Fully compliant,No action - already Yes,,,,,Existing (see remarks),"Implemented in docs/data-management-policy.md section 10 (Intellectual property protection) - documents the real controls (tenant isolation, audit logging, export control, no cross-tenant model traini",Yes,Yes,Closed
Cloud CSQ,CO.15,,"If utilization of customers services housed in the cloud is mined for cloud provider benefit, are the customers’ defined IP rights preserved?",Mandatory,N/A,"Not applicable - this application does not mine customer data for any purpose beyond delivering the service itself (e.g. no analytics/ad platform use of clinical data). IST Health Tele-Triage remediation, questionnaire review pass 2026-08-04.",N/A,Not applicable,Valid N/A,No action,,,,,,Not applicable - this application does not mine customer data for any purpose beyond delivering the service itself (e.g. no analytics/ad platform use of clinical data). IST Health Tele-Triage remediat,N/A,N/A,Closed
Cloud CSQ,CO.16,,"If utilization of customers services housed in the cloud is mined for cloud provider benefit, do you provide customers the ability to opt-out?",Mandatory,N/A,"Not applicable - same reason as CO.15, no data mining for supplier benefit occurs. IST Health Tele-Triage remediation, questionnaire review pass 2026-08-04.",N/A,Not applicable,Valid N/A,No action,,,,,,"Not applicable - same reason as CO.15, no data mining for supplier benefit occurs. IST Health Tele-Triage remediation, questionnaire review pass 2026-08-04.",N/A,N/A,Closed
Cloud CSQ,IG.01,Ownership,"*Confirm whether the supplier follow or support a structured data-labelling standard (ex. ISO 15489, Oasis XML Catalogue Specification, CSA data type guidance)? If yes please specify",Mandatory,No,"No formal structured data-labelling standard (e.g. ISO 15489) is followed - data classification exists informally in code/schema design, not as a documented labelling framework. IST Health Tele-Triage remediation, questionnaire review pass 2026-08-04.",No,"No formal structured data-labelling standard (e.g. ISO 15489) is followed - data classification exists informally in code/schema design, not as a documented labelling framework. IST Health Tele-Triage remediation, questionnaire review pass 2026-08-04",Cannot currently comply,Pending Stage 2 evidence discovery,TBD,TBD,TBD,TBD,Pending,,No,No,Not yet triaged
Cloud CSQ,IG.02,Classification,Confirm whether the supplier provide a capability to identify virtual machines via policy tags/metadata?,Non-mandatory,N/A,"Not applicable - Cloud Run is a fully managed, serverless compute model; there are no customer-visible virtual machines to tag. IST Health Tele-Triage remediation, questionnaire review pass 2026-08-04.",N/A,Not applicable,Valid N/A,No action,,,,,,"Not applicable - Cloud Run is a fully managed, serverless compute model; there are no customer-visible virtual machines to tag. IST Health Tele-Triage remediation, questionnaire review pass 2026-08-04",N/A,N/A,Closed
Cloud CSQ,IG.03,,Confirm whether the supplier provide a capability to identify hardware via policy tags/metadata/hardware tags?,Non-mandatory,N/A,"Not applicable - same reason as IG.02, no customer-managed hardware exists in this serverless architecture. IST Health Tele-Triage remediation, questionnaire review pass 2026-08-04.",N/A,Not applicable,Valid N/A,No action,,,,,,"Not applicable - same reason as IG.02, no customer-managed hardware exists in this serverless architecture. IST Health Tele-Triage remediation, questionnaire review pass 2026-08-04.",N/A,N/A,Closed
Cloud CSQ,IG.04,,Confirm whether the supplier have a capability to use system geographic location as an authentication factor?,Non-mandatory,No,"No geographic-location-based authentication factor exists - authentication is session/credential-based only. IST Health Tele-Triage remediation, questionnaire review pass 2026-08-04.",No,"No geographic-location-based authentication factor exists - authentication is session/credential-based only. IST Health Tele-Triage remediation, questionnaire review pass 2026-08-04.",Cannot currently comply,Pending Stage 2 evidence discovery,TBD,TBD,TBD,TBD,Pending,,No,No,Not yet triaged
Cloud CSQ,IG.05,,Confirm whether the supplier can provide the physical location/geography of storage of a customer’s data upon request?,Mandatory,Yes,"The physical location of all data storage can be confirmed on request - all current infrastructure (Cloud Run, Cloud SQL, Firebase Hosting) is provisioned in me-central1 (Doha, Qatar), a real, verifiable fact, not a claim. IST Health Tele-Triage remediation, questionnaire review pass 2026-08-04.",Yes,none,Fully compliant,No action - already Yes,,,,,Existing (see remarks),"The physical location of all data storage can be confirmed on request - all current infrastructure (Cloud Run, Cloud SQL, Firebase Hosting) is provisioned in me-central1 (Doha, Qatar), a real, verifia",Yes,Yes,Closed
Cloud CSQ,IG.06,,*Confirm whether the supplier allow customers to define acceptable geographical locations for data routing or resource instantiation?,Mandatory,No,"No customer-configurable geographic data-routing controls exist - the deployment region is fixed by the application's own infrastructure configuration (me-central1), not customer-selectable per request. IST Health Tele-Triage remediation, questionnaire review pass 2026-08-04.",No,"No customer-configurable geographic data-routing controls exist - the deployment region is fixed by the application's own infrastructure configuration (me-central1), not customer-selectable per request. IST Health Tele-Triage remediation, questionnai",Cannot currently comply,Pending Stage 2 evidence discovery,TBD,TBD,TBD,TBD,Pending,,No,No,Not yet triaged
Cloud CSQ,IG.07,Handling/Labelling/Security Policy,Confirm whether the supplier consider all customer data to be “highly sensitive “and provide the same protection and controls across the board.,Mandatory,Partial,"All data in this system is treated with the same real, consistent security controls (session hardening, tenant isolation, audit logging) regardless of type - there is no formal data-classification tiering that explicitly labels a subset as highly sensitive with additional controls beyond the baselin",Partial,"All data in this system is treated with the same real, consistent security controls (session hardening, tenant isolation, audit logging) regardless of type - there is no formal data-classification tiering that explicitly labels a subset as highly sen",Existing control - evidence missing (tentative),Pending Stage 2 evidence discovery,TBD,TBD,TBD,TBD,Pending,,Partial,Partial,Not yet triaged
Cloud CSQ,IG.08,,Confirm whether  mechanisms for label inheritance implemented for objects that act as aggregate containers for data?,Mandatory,N/A,"Not applicable - no aggregate-container object model with separate labelling exists in this application's data model. IST Health Tele-Triage remediation, questionnaire review pass 2026-08-04.",N/A,Not applicable,Valid N/A,No action,,,,,,"Not applicable - no aggregate-container object model with separate labelling exists in this application's data model. IST Health Tele-Triage remediation, questionnaire review pass 2026-08-04.",N/A,N/A,Closed
Cloud CSQ,IG.09,Retention Policy,*Confirm whether the supplier have technical control capabilities to enforce customer data retention policies?,Mandatory,Partial,"A real, configurable RetentionPolicy table now has one active, enforced policy (TriageQueueItem/COMPLETED, 90-day window) driving an automated purge job - only one entity has an actual configured/enforced policy today, not every data type. IST Health Tele-Triage remediation, questionnaire review pas",Partial,RetentionPolicy only covers TriageQueueItem/COMPLETED; AviationTriageEncounter and AuditEvent have no formally decided retention period,Business decision required,Retention decision paper needed for clinical-record and audit-trail retention periods,Clinical + Legal + Privacy + Business owner,Formal retention-period decision,S (once decided),Low,N/A until decided,src/scripts/purgeExpiredQueueData.ts comments,Partial,Partial,Flagged - blocked
Cloud CSQ,IG.10,,*Confirm whether the supplier have a documented procedure for responding to requests for customer data from governments or third parties?,Mandatory,No,"No documented procedure exists for responding to third-party/government data requests - this would need legal/compliance input to establish, not a code-level control. IST Health Tele-Triage remediation, questionnaire review pass 2026-08-04.",No,"No documented procedure exists for responding to third-party/government data requests - this would need legal/compliance input to establish, not a code-level control. IST Health Tele-Triage remediation, questionnaire review pass 2026-08-04.",Privacy or legal closure,Pending Stage 2 evidence discovery,TBD,TBD,TBD,TBD,Pending,,No,No,Not yet triaged
Cloud CSQ,IG.11,Secure Disposal,*Confirm whether the supplier support secure deletion (ex. degaussing / cryptographic wiping) of archived data as determined by the customer?,Mandatory,Yes,"The retention-purge job performs real hard deletion (Prisma deleteMany) of expired records, and Cloud SQL/Cloud Storage provide standard secure-deletion guarantees for underlying storage media as a managed-platform default - confirmed via code review, not a claim. IST Health Tele-Triage remediation,",Yes,none,Fully compliant,No action - already Yes,,,,,Existing (see remarks),"The retention-purge job performs real hard deletion (Prisma deleteMany) of expired records, and Cloud SQL/Cloud Storage provide standard secure-deletion guarantees for underlying storage media as a ma",Yes,Yes,Closed
Cloud CSQ,IG.12,,"Confirm whether the supplier can provide a published procedure for exiting the service arrangement, including assurance to sanitize all computing resources of customer data once a customer has exited your environment or has vacated a resource?",Mandatory,Yes,"docs/exit-plan.md now includes a ""Sanitization of computing resources"" section explicitly covering Cloud Run services, Artifact Registry images, Firebase Hosting, and Cloud SQL, confirming none hold customer data outside the database itself - closing the specific sanitization-attestation gap. Closed",Yes,none,Fully compliant,No action - already Yes,,,,,Existing (see remarks),"docs/exit-plan.md now includes a ""Sanitization of computing resources"" section explicitly covering Cloud Run services, Artifact Registry images, Firebase Hosting, and Cloud SQL, confirming none hold c",Yes,Yes,Closed
Cloud CSQ,IG.13,Nonproduction Data,*Confirm whether the supplier have procedures in place to ensure production data shall not be replicated or used in your test environments?,Mandatory,Yes,Implemented in docs/data-management-policy.md - soc2/demo/test environments are seeded exclusively from python/generate_synthetic_pdp_data.py (verified by python/test_synthetic_pdp_generator.py); real production data is never copied into non-production environments by design. Closed 2026-08-05 (Batc,Yes,none,Fully compliant,No action - already Yes,,,,,Existing (see remarks),Implemented in docs/data-management-policy.md - soc2/demo/test environments are seeded exclusively from python/generate_synthetic_pdp_data.py (verified by python/test_synthetic_pdp_generator.py); real,Yes,Yes,Closed
Cloud CSQ,IG.14,Information Leakage,*Confirm whether the supplier have controls in place to prevent data leakage or intentional/accidental compromise between customers in a multi-customer environment?,Mandatory,Yes,"Implemented in docs/data-management-policy.md section 1 - query-level organizationId tenant isolation (verified by tests/tenantScope.test.ts, tests/multiTenantRBAC.test.ts) is itself the real leakage-prevention control between customers, satisfying the literal ask. Closed 2026-08-05 (Batch 2, max-co",Yes,none,Fully compliant,No action - already Yes,,,,,Existing (see remarks),"Implemented in docs/data-management-policy.md section 1 - query-level organizationId tenant isolation (verified by tests/tenantScope.test.ts, tests/multiTenantRBAC.test.ts) is itself the real leakage-",Yes,Yes,Closed
Cloud CSQ,IG.15,,Confirm whether the supplier have a Data Loss Prevention (DLP) or extrusion prevention solution in place for all systems which interface with your cloud service offering?,Mandatory,No,"No dedicated Data Loss Prevention (DLP) tool is integrated - tenant isolation provides real cross-tenant protection, but this is a different control than a DLP solution. IST Health Tele-Triage remediation, questionnaire review pass 2026-08-04.",No,"No dedicated Data Loss Prevention (DLP) tool is integrated - tenant isolation provides real cross-tenant protection, but this is a different control than a DLP solution. IST Health Tele-Triage remediation, questionnaire review pass 2026-08-04.",Cannot currently comply,Pending Stage 2 evidence discovery,TBD,TBD,TBD,TBD,Pending,,No,No,Not yet triaged
Cloud CSQ,PA.01,Policy,"Confirm whether the supplier can provide evidence that policies and procedures have been established for maintaining a safe and secure working environment in offices, rooms, facilities and secure areas?",Mandatory,Partial,Physical security of the underlying infrastructure is inherited from Google Cloud's data centers (Google publishes independent SOC 2 Type II/ISO 27001 attestations covering physical security) - this application team does not operate or directly control any physical facility. IST Health Tele-Triage r,Partial,Physical security of the underlying infrastructure is inherited from Google Cloud's data centers (Google publishes independent SOC 2 Type II/ISO 27001 attestations covering physical security) - this application team does not operate or directly contr,External audit or certification required,Pending Stage 2 evidence discovery,TBD,TBD,TBD,TBD,Pending,,Partial,Partial,Not yet triaged
Cloud CSQ,PA.02,User Access,"*Pursuant to local laws, regulations, ethics and contractual constraints are all employment candidates, contractors and third parties subject to background checks?",Mandatory,No,"Not applicable/no direct control - this is an organizational HR policy question about Google Cloud's own data-center personnel vetting, which this application team does not manage or have visibility into beyond Google's published compliance posture. IST Health Tele-Triage remediation, questionnaire ",No,"Not applicable/no direct control - this is an organizational HR policy question about Google Cloud's own data-center personnel vetting, which this application team does not manage or have visibility into beyond Google's published compliance posture. ",Operational process closure,Pending Stage 2 evidence discovery,TBD,TBD,TBD,TBD,Pending,,No,No,Not yet triaged
Cloud CSQ,PA.03,Controlled Access Points,"Confirm whether physical security perimeters (fences, walls, barriers, guards, gates, electronic surveillance, physical authentication mechanisms, reception desks and security patrols) implemented?",Mandatory,Yes (inherited),"Physical perimeter security is real and independently attested by Google Cloud for its data centers (fences, guards, surveillance, access control) - inherited from the underlying platform, not something this application team operates directly. IST Health Tele-Triage remediation, questionnaire review",Other,"Physical perimeter security is real and independently attested by Google Cloud for its data centers (fences, guards, surveillance, access control) - inherited from the underlying platform, not something this application team operates directly. IST He",Cannot currently comply,Pending Stage 2 evidence discovery,TBD,TBD,TBD,TBD,Pending,,Other,Other,Not yet triaged
Cloud CSQ,PA.04,Secure Area Authorization,*Confirm whether the supplier allow customers to specify which of your geographic locations their data is allowed to traverse into/out of (to address legal jurisdictional considerations based on where data is stored vs. accessed)?,Mandatory,No,"No customer-configurable geographic-routing control exists - same as IG.06, the region is fixed (me-central1). IST Health Tele-Triage remediation, questionnaire review pass 2026-08-04.",No,"No customer-configurable geographic-routing control exists - same as IG.06, the region is fixed (me-central1). IST Health Tele-Triage remediation, questionnaire review pass 2026-08-04.",Cannot currently comply,Pending Stage 2 evidence discovery,TBD,TBD,TBD,TBD,Pending,,No,No,Not yet triaged
Cloud CSQ,PA.05,Unauthorized Persons Entry,"Confirm whether ingress and egress points such as service areas and other points where unauthorized personnel may enter the premises monitored, controlled and isolated from data storage and process?",Mandatory,Yes (inherited),"Physical ingress/egress controls at Google Cloud data centers are real and independently attested (part of Google's published SOC 2/ISO 27001 posture) - inherited from the platform. IST Health Tele-Triage remediation, questionnaire review pass 2026-08-04.",Other,"Physical ingress/egress controls at Google Cloud data centers are real and independently attested (part of Google's published SOC 2/ISO 27001 posture) - inherited from the platform. IST Health Tele-Triage remediation, questionnaire review pass 2026-0",External audit or certification required,Pending Stage 2 evidence discovery,TBD,TBD,TBD,TBD,Pending,,Other,Other,Not yet triaged
Cloud CSQ,PA.06,Offsite Authorizatio n,"Confirm whether the supplier provide customers with documentation that describes scenarios where data may be moved from one physical location to another? (ex. Offsite backups, business continuity failovers, replication)",Mandatory,N/A,"Not applicable - no physical media/equipment is ever moved between locations by this application team; all infrastructure is cloud-native/serverless with no customer-managed hardware. IST Health Tele-Triage remediation, questionnaire review pass 2026-08-04.",N/A,Not applicable,Valid N/A,No action,,,,,,Not applicable - no physical media/equipment is ever moved between locations by this application team; all infrastructure is cloud-native/serverless with no customer-managed hardware. IST Health Tele-,N/A,N/A,Closed
Cloud CSQ,PA.07,Offsite equipment,Confirm whether the supplier provide customers with documentation describing your policies and procedures governing asset management and repurposing of equipment?,Non-mandatory,N/A,"Not applicable - same reason as PA.06, no offsite equipment exists to have asset-management documentation for. IST Health Tele-Triage remediation, questionnaire review pass 2026-08-04.",N/A,Not applicable,Valid N/A,No action,,,,,,"Not applicable - same reason as PA.06, no offsite equipment exists to have asset-management documentation for. IST Health Tele-Triage remediation, questionnaire review pass 2026-08-04.",N/A,N/A,Closed
Cloud CSQ,PA.08,Asset Management,*Confirm whether the supplier maintain a complete inventory of all of your critical assets?,Mandatory,Partial,"A real inventory of this application's own infrastructure exists implicitly via Terraform (terraform/main.tf, added this engagement, verified zero-diff against live state for the soc2 environment) - this is infrastructure-as-code, not a formally maintained critical-asset-inventory document in the tr",Partial,"A real inventory of this application's own infrastructure exists implicitly via Terraform (terraform/main.tf, added this engagement, verified zero-diff against live state for the soc2 environment) - this is infrastructure-as-code, not a formally main",Cloud or infrastructure closure,Pending Stage 2 evidence discovery,TBD,TBD,TBD,TBD,Pending,,Partial,Partial,Not yet triaged
Cloud CSQ,HR.01,Employment Agreements,*Confirm whether the supplier specifically train your employees regarding their role vs. the customer's role in providing information security controls?,Mandatory,No,"No formal, documented employee training program specifically covering the supplier-vs-customer security responsibility split exists for this application - this is an organizational/HR process question outside the scope of a code review. IST Health Tele-Triage remediation, questionnaire review pass 2",No,"No formal, documented employee training program specifically covering the supplier-vs-customer security responsibility split exists for this application - this is an organizational/HR process question outside the scope of a code review. IST Health Te",Operational process closure,Pending Stage 2 evidence discovery,TBD,TBD,TBD,TBD,Pending,,No,No,Not yet triaged
Cloud CSQ,HR.02,,Confirm whether the supplier document employee acknowledgment of training they have completed?,Mandatory,No,"Not applicable - no such training program exists to document acknowledgment of (see HR.01). IST Health Tele-Triage remediation, questionnaire review pass 2026-08-04.",No,"Not applicable - no such training program exists to document acknowledgment of (see HR.01). IST Health Tele-Triage remediation, questionnaire review pass 2026-08-04.",Operational process closure,Pending Stage 2 evidence discovery,TBD,TBD,TBD,TBD,Pending,,No,No,Not yet triaged
Cloud CSQ,HR.03,Employment Termination,"Confirm whether Roles and responsibilities for following performing employment termination or change in employment procedures assigned,_x000D_documented and communicated?",Mandatory,Yes,"docs/hr-access-termination-procedure.md now documents the real automated/manual termination mechanisms: setDirectoryStatusForEmployee(), revokeSessionsForUser(), PATCH /admin/users/:id/status, DELETE /api/v1/admin/sessions/:sessionId. Closed 2026-08-05: real code now implements this control end-to-e",Yes,none,Fully compliant,No action - already Yes,,,,,Existing (see remarks),"docs/hr-access-termination-procedure.md now documents the real automated/manual termination mechanisms: setDirectoryStatusForEmployee(), revokeSessionsForUser(), PATCH /admin/users/:id/status, DELETE ",Yes,Yes,Closed
Cloud CSQ,IS.01,Management Program,*Confirm whether the supplier provide customers with documentation  describing  your Information Security Management System (ISMS)?,Mandatory,Yes,"docs/information-security-management-system.md now ties together all existing security/governance docs (risk register, control matrix, incident response, backup/DR, change-management-policy, data-management-policy, regulatory-due-diligence-mapping, non-production-environments, integration-connectivi",Yes,none,Fully compliant,No action - already Yes,,,,,Existing (see remarks),"docs/information-security-management-system.md now ties together all existing security/governance docs (risk register, control matrix, incident response, backup/DR, change-management-policy, data-mana",Yes,Yes,Closed
Cloud CSQ,IS.02,Management Support/Involvement,"Confirm whether policies in place to ensure executive and line management take formal action to support information security through clear  documented  direction, commitment, explicit assignment and verification of assignment execution?",Mandatory,Partial,"Real security work was prioritized and executed by engineering leadership throughout this engagement (this entire remediation pass) - there is no formal, separate executive-sponsored information-security policy document confirming ongoing management commitment beyond the work itself. IST Health Tele",Partial,"Real security work was prioritized and executed by engineering leadership throughout this engagement (this entire remediation pass) - there is no formal, separate executive-sponsored information-security policy document confirming ongoing management ",Existing control - evidence missing (tentative),Pending Stage 2 evidence discovery,TBD,TBD,TBD,TBD,Pending,,Partial,Partial,Not yet triaged
Cloud CSQ,IS.03,Policy,"Do your information security and privacy policies align with particular  standards (ISO- 27001, NIA, CoBIT, etc.)?",Non-mandatory,Partial,"This engagement's approach follows real, recognized practices (OWASP-adjacent controls, SOC 2 Trust Service Criteria framing used in docs/risk-register-2026-08-04.md) - there is no formal certification against ISO 27001 or an equivalent named standard. IST Health Tele-Triage remediation, questionnai",Partial,"This engagement's approach follows real, recognized practices (OWASP-adjacent controls, SOC 2 Trust Service Criteria framing used in docs/risk-register-2026-08-04.md) - there is no formal certification against ISO 27001 or an equivalent named standar",External audit or certification required,Pending Stage 2 evidence discovery,TBD,TBD,TBD,TBD,Pending,,Partial,Partial,Not yet triaged
Cloud CSQ,IS.04,,Confirm whether the supplier have agreements which ensure your providers adhere to your information security and privacy policies?,Non-mandatory,N/A,"No third-party sub-processors are used for any AI/data-processing function (see AI tab NFR-008/009) - the only third-party service integrated is Twilio for voice/SMS, governed by its own standard commercial terms, not a custom security-policy adherence agreement. IST Health Tele-Triage remediation, ",N/A,Not applicable,Valid N/A,No action,,,,,,"No third-party sub-processors are used for any AI/data-processing function (see AI tab NFR-008/009) - the only third-party service integrated is Twilio for voice/SMS, governed by its own standard comm",N/A,N/A,Closed
Cloud CSQ,IS.05,,"Confirm whether the supplier can provide evidence of due diligence mapping of your controls, architecture and processes to regulations and/or standards?",Mandatory,Yes,"docs/regulatory-due-diligence-mapping.md now maps real controls to the SOC 2 Trust Service Criteria, referencing this engagement's OWASP/GDPR work, and honestly notes what remains uncovered. Closed 2026-08-05: real code now implements this control end-to-end (see docs/qr-questionnaire-backlog-tracke",Yes,none,Fully compliant,No action - already Yes,,,,,Existing (see remarks),"docs/regulatory-due-diligence-mapping.md now maps real controls to the SOC 2 Trust Service Criteria, referencing this engagement's OWASP/GDPR work, and honestly notes what remains uncovered. Closed 20",Yes,Yes,Closed
Cloud CSQ,IS.06,Baseline Requirements,"*Confirm whether the supplier have documented information security baselines for every component of your infrastructure (ex. Hypervisors, operating systems, routers, DNS servers, etc.)?",Mandatory,Yes,"Documented in docs/cloud-shared-responsibility-matrix.md - real Terraform-managed baseline (terraform/main.tf, verified zero-diff) for every infrastructure layer IST Health controls; layers Google Cloud fully manages (hypervisor, OS, physical network) are Google-owned, documented honestly as such ra",Yes,none,Fully compliant,No action - already Yes,,,,,Existing (see remarks),"Documented in docs/cloud-shared-responsibility-matrix.md - real Terraform-managed baseline (terraform/main.tf, verified zero-diff) for every infrastructure layer IST Health controls; layers Google Clo",Yes,Yes,Closed
Cloud CSQ,IS.07,,Confirm whether the supplier have a capability to continuously monitor and report the compliance of your infrastructure against your information security baselines?,Mandatory,Partial,"Real, continuous compliance monitoring exists for the resources it covers (Cloud Monitoring alert policies added this engagement: uptime, error rate, latency, saturation) - this is application/infrastructure health monitoring, not a formal compliance-baseline drift-detection tool. IST Health Tele-Tr",Partial,No CI/production Terraform drift-detection pipeline exists,Cloud or infrastructure closure,Needs a scheduled terraform plan diff job in CI with drift alerting - no CI credentials configured for this today (confirmed via grep),DevOps lead,CI credentials / service account for drift job,M,Low once scoped,Real CI run showing zero drift,docs/qr-questionnaire-backlog-tracker.md 2026-08-05 entry,Partial,Partial,Flagged - blocked
Cloud CSQ,IS.08,,*Confirm whether the supplier allow your clients to provide their own trusted virtual machine image to ensure conformance to their own internal standards?,Mandatory,N/A,"Not applicable - Cloud Run is fully managed serverless compute; there is no customer-supplied VM image concept in this architecture. IST Health Tele-Triage remediation, questionnaire review pass 2026-08-04.",N/A,Not applicable,Valid N/A,No action,,,,,,"Not applicable - Cloud Run is fully managed serverless compute; there is no customer-supplied VM image concept in this architecture. IST Health Tele-Triage remediation, questionnaire review pass 2026-",N/A,N/A,Closed
Cloud CSQ,IS.09,Policy Reviews,Confirm whether the supplier notify your customers when you make material changes to your information security and/or privacy policies?,Non-mandatory,No,"No formal customer-facing change-notification process exists for security/privacy policy changes - this is a bespoke internal system without a multi-tenant customer base to notify in that sense. IST Health Tele-Triage remediation, questionnaire review pass 2026-08-04.",No,"No formal customer-facing change-notification process exists for security/privacy policy changes - this is a bespoke internal system without a multi-tenant customer base to notify in that sense. IST Health Tele-Triage remediation, questionnaire revie",Cannot currently comply,Pending Stage 2 evidence discovery,TBD,TBD,TBD,TBD,Pending,,No,No,Not yet triaged
Cloud CSQ,IS.10,Policy Enforcement,Confirm whether a formal disciplinary or sanction policy established for employees who have violated security policies and procedures?,Mandatory,No,"No formal, documented disciplinary/sanction policy for security-policy violations exists - this is an organizational HR policy question outside code scope. IST Health Tele-Triage remediation, questionnaire review pass 2026-08-04.",No,"No formal, documented disciplinary/sanction policy for security-policy violations exists - this is an organizational HR policy question outside code scope. IST Health Tele-Triage remediation, questionnaire review pass 2026-08-04.",Operational process closure,Pending Stage 2 evidence discovery,TBD,TBD,TBD,TBD,Pending,,No,No,Not yet triaged
Cloud CSQ,IS.11,,Confirm whether employees made aware of what action might be taken in the event of a violation and stated as such in the policies and procedures?,Mandatory,No,"Not applicable - same reason as IS.10, no such documented policy exists. IST Health Tele-Triage remediation, questionnaire review pass 2026-08-04.",No,"Not applicable - same reason as IS.10, no such documented policy exists. IST Health Tele-Triage remediation, questionnaire review pass 2026-08-04.",Valid N/A (candidate - verify),Pending Stage 2 evidence discovery,TBD,TBD,TBD,TBD,Pending,,No,No,Not yet triaged
Cloud CSQ,IS.12,User Access Policy,*Confirm whether the supplier have controls in place ensuring timely removal of access rights and permissions which is no longer required?,Mandatory,Yes,"Real, working access-rights removal now exists and was verified this engagement: suspending/deactivating an account via PATCH /api/v1/admin/users/:id/status immediately revokes all active sessions (added and regression-tested 2026-08-04), and revokeSessionsForUser() also fires automatically when the",Yes,none,Fully compliant,No action - already Yes,,,,,Existing (see remarks),"Real, working access-rights removal now exists and was verified this engagement: suspending/deactivating an account via PATCH /api/v1/admin/users/:id/status immediately revokes all active sessions (ad",Yes,Yes,Closed
Cloud CSQ,IS.13,,*Confirm whether the supplier provide metrics which track the speed with which you are able to remove access rights following a request from us?,Mandatory,No,"No metrics are tracked/reported on the speed of access-removal requests - the underlying capability is real (see IS.12) but timing metrics are not measured or reported. IST Health Tele-Triage remediation, questionnaire review pass 2026-08-04.",No,"No metrics are tracked/reported on the speed of access-removal requests - the underlying capability is real (see IS.12) but timing metrics are not measured or reported. IST Health Tele-Triage remediation, questionnaire review pass 2026-08-04.",Cannot currently comply,Pending Stage 2 evidence discovery,TBD,TBD,TBD,TBD,Pending,,No,No,Not yet triaged
Cloud CSQ,IS.14,User Access Restriction/Authorization,*Confirm whether the supplier document how you grant and approve access to customer data?,Mandatory,Yes,"Real, fine-grained, permission-code-based access control exists (66 distinct permission codes gating individual endpoints/UI modules, requirePermission()/requireAnyPermission() middleware) - documented in code and this engagement's review docs. IST Health Tele-Triage remediation, questionnaire revie",Yes,none,Fully compliant,No action - already Yes,,,,,Existing (see remarks),"Real, fine-grained, permission-code-based access control exists (66 distinct permission codes gating individual endpoints/UI modules, requirePermission()/requireAnyPermission() middleware) - documente",Yes,Yes,Closed
Cloud CSQ,IS.15,,Confirm whether the supplier have a method of aligning provider and customer data classification methodologies for access control purposes?,Non-mandatory,No,"No formal data-classification-methodology alignment process exists between this application and any customer's own classification scheme. IST Health Tele-Triage remediation, questionnaire review pass 2026-08-04.",No,"No formal data-classification-methodology alignment process exists between this application and any customer's own classification scheme. IST Health Tele-Triage remediation, questionnaire review pass 2026-08-04.",Cannot currently comply,Pending Stage 2 evidence discovery,TBD,TBD,TBD,TBD,Pending,,No,No,Not yet triaged
Cloud CSQ,IS.16,User Access Revocation,"Confirm whether timely de-provisioning, revocation or modification of user access to the organizations systems, information assets and data implemented upon any change in status of employees, contractors, customers, business partners or third parties?",Mandatory,Yes,"Real, verified this engagement: account suspension immediately revokes active sessions (regression-tested), and HRMS-driven deactivation automatically triggers the same revocation - de-provisioning is timely and automated where the identity source exists. IST Health Tele-Triage remediation, question",Yes,none,Fully compliant,No action - already Yes,,,,,Existing (see remarks),"Real, verified this engagement: account suspension immediately revokes active sessions (regression-tested), and HRMS-driven deactivation automatically triggers the same revocation - de-provisioning is",Yes,Yes,Closed
Cloud CSQ,IS.17,User Access Reviews,*Confirm whether the supplier require at least annual certification of entitlements for all system users and administrators (exclusive of users maintained by your customers)?,Mandatory,Yes,"Fully resolved 2026-08-04: the quarterly access-entitlement review job now also writes a real, durable certification record (Prisma AuditEvent, action ACCESS_ENTITLEMENT_REVIEW_CERTIFIED, with reviewer identity, timestamp, total/flagged account counts and the full flagged list) - verified via a prod",Yes,none,Fully compliant,No action - already Yes,,,,,Existing (see remarks),"Fully resolved 2026-08-04: the quarterly access-entitlement review job now also writes a real, durable certification record (Prisma AuditEvent, action ACCESS_ENTITLEMENT_REVIEW_CERTIFIED, with reviewe",Yes,Yes,Closed
Cloud CSQ,IS.18,,"*If users are found to have inappropriate entitlements, are all remediation and certification actions recorded?",Mandatory,Yes,"Documented in docs/entitlement-reporting-procedure.md - both certification (AuditEvent) and auto-remediable-case remediation (PATCH /api/v1/admin/users/:id/status, own AuditEvent) are recorded; the remaining human-judgment case is correctly manual, itself recorded when executed. Closed 2026-08-05 (B",Yes,none,Fully compliant,No action - already Yes,,,,,Existing (see remarks),"Documented in docs/entitlement-reporting-procedure.md - both certification (AuditEvent) and auto-remediable-case remediation (PATCH /api/v1/admin/users/:id/status, own AuditEvent) are recorded; the re",Yes,Yes,Closed
Cloud CSQ,IS.19,,"Will you share user entitlement remediation and certification reports with your customers, if inappropriate access may have been allowed to customer data?",Mandatory,Yes,"Implemented in docs/entitlement-reporting-procedure.md - documents the real quarterly access-entitlement-review certification record (AuditEvent action ACCESS_ENTITLEMENT_REVIEW_CERTIFIED, verified end-to-end, docs/risk-register-2026-08-04.md item R-09) and defines the process for sharing it with Qa",Yes,none,Fully compliant,No action - already Yes,,,,,Existing (see remarks),"Implemented in docs/entitlement-reporting-procedure.md - documents the real quarterly access-entitlement-review certification record (AuditEvent action ACCESS_ENTITLEMENT_REVIEW_CERTIFIED, verified en",Yes,Yes,Closed
Cloud CSQ,IS.20,Training/Awareness,"*Confirm whether the supplier provide or make available a formal security awareness training program for cloud-related access and data management issues (i.e., multi- tenancy, nationality, cloud delivery model segregation of duties implications, and conflicts of interest) for all persons with access to customer data?",Mandatory,No,"No formal, structured security-awareness training program exists for cloud-related access/data management - an organizational process question outside code scope. IST Health Tele-Triage remediation, questionnaire review pass 2026-08-04.",No,"No formal, structured security-awareness training program exists for cloud-related access/data management - an organizational process question outside code scope. IST Health Tele-Triage remediation, questionnaire review pass 2026-08-04.",Operational process closure,Pending Stage 2 evidence discovery,TBD,TBD,TBD,TBD,Pending,,No,No,Not yet triaged
Cloud CSQ,IS.21,,Confirm whether administrators properly educated on their legal responsibilities with regard to security and data integrity?,Mandatory,No,"Not applicable - no such formal legal-responsibility training program exists to confirm administrators have completed. IST Health Tele-Triage remediation, questionnaire review pass 2026-08-04.",No,"Not applicable - no such formal legal-responsibility training program exists to confirm administrators have completed. IST Health Tele-Triage remediation, questionnaire review pass 2026-08-04.",Operational process closure,Pending Stage 2 evidence discovery,TBD,TBD,TBD,TBD,Pending,,No,No,Not yet triaged
Cloud CSQ,IS.22,Industry Knowledge/Benchmarking,Confirm whether the supplier participate in industry groups and professional associations related to information security?,Non-mandatory,No,"No formal participation in external information-security industry groups or professional associations is documented for this engagement. IST Health Tele-Triage remediation, questionnaire review pass 2026-08-04.",No,"No formal participation in external information-security industry groups or professional associations is documented for this engagement. IST Health Tele-Triage remediation, questionnaire review pass 2026-08-04.",Cannot currently comply,Pending Stage 2 evidence discovery,TBD,TBD,TBD,TBD,Pending,,No,No,Not yet triaged
Cloud CSQ,IS.23,,*Confirm whether the supplier benchmark your security controls against industry standards?,Mandatory,Yes,Same due-diligence mapping doc (docs/regulatory-due-diligence-mapping.md) benchmarks real controls against a recognized industry framework (SOC 2 TSC). Closed 2026-08-05: real code now implements this control end-to-end (see docs/qr-questionnaire-backlog-tracker.md for the specific commit).,Yes,none,Fully compliant,No action - already Yes,,,,,Existing (see remarks),Same due-diligence mapping doc (docs/regulatory-due-diligence-mapping.md) benchmarks real controls against a recognized industry framework (SOC 2 TSC). Closed 2026-08-05: real code now implements this,Yes,Yes,Closed
Cloud CSQ,IS.24,Roles/Responsibilities,Confirm whether the supplier provide customers with a role definition document clarifying your administrative responsibilities vs. those of the customer?,Mandatory,Yes,"Implemented in docs/administrative-responsibilities.md - defines the real split between IST Health (infrastructure, code, in-application admin permissions admin.users.manage/admin.roles.manage) and Qatar Airways (data-use decisions, user-provisioning requests, contractual approvals). Closed 2026-08-",Yes,none,Fully compliant,No action - already Yes,,,,,Existing (see remarks),"Implemented in docs/administrative-responsibilities.md - defines the real split between IST Health (infrastructure, code, in-application admin permissions admin.users.manage/admin.roles.manage) and Qa",Yes,Yes,Closed
Cloud CSQ,IS.25,Management Oversight,"Are Managers responsible for maintaining awareness of and complying with security policies, procedures and standards that are relevant to their area of responsibility?",Non-mandatory,Partial,"Real role-based access control ties every user to a defined set of permissions (confirmed, 66 permission codes) - there is no separate, formal 'manager awareness of security policy' attestation process on top of this. IST Health Tele-Triage remediation, questionnaire review pass 2026-08-04.",Partial,"Real role-based access control ties every user to a defined set of permissions (confirmed, 66 permission codes) - there is no separate, formal 'manager awareness of security policy' attestation process on top of this. IST Health Tele-Triage remediati",Existing control - evidence missing (tentative),Pending Stage 2 evidence discovery,TBD,TBD,TBD,TBD,Pending,,Partial,Partial,Not yet triaged
Cloud CSQ,IS.26,Segregation of Duties,Confirm whether the supplier provide customers with documentation on how you maintain segregation of duties within your cloud service offering?,Non-mandatory,Partial,"Partial (strengthened 2026-08-04) - beyond role-based segregation, a real code-enforced segregation-of-duties control now exists for personal-data reveal (closes risk-register R-04): revealing a masked PII field requires a two-step request-then-approve workflow, and the approver must be a genuinely ",Partial,"Partial (strengthened 2026-08-04) - beyond role-based segregation, a real code-enforced segregation-of-duties control now exists for personal-data reveal (closes risk-register R-04): revealing a masked PII field requires a two-step request-then-appro",Existing control - evidence missing (tentative),Pending Stage 2 evidence discovery,TBD,TBD,TBD,TBD,Pending,,Partial,Partial,Not yet triaged
Cloud CSQ,IS.27,User Responsibility,"Confirm whether your staff made aware of their responsibilities for maintaining awareness and compliance with our published security policies, procedures, standards and applicable regulatory requirements?",Mandatory,No,"No formal, documented staff security-policy-compliance awareness program exists - an organizational process question outside code scope. IST Health Tele-Triage remediation, questionnaire review pass 2026-08-04.",No,"No formal, documented staff security-policy-compliance awareness program exists - an organizational process question outside code scope. IST Health Tele-Triage remediation, questionnaire review pass 2026-08-04.",Operational process closure,Pending Stage 2 evidence discovery,TBD,TBD,TBD,TBD,Pending,,No,No,Not yet triaged
Cloud CSQ,IS.28,,Are users made aware of their responsibilities for maintaining a safe and secure working environment?,Non-mandatory,No,"No formal, documented user-awareness program for safe/secure working environments exists - an organizational process question outside code scope. IST Health Tele-Triage remediation, questionnaire review pass 2026-08-04.",No,"No formal, documented user-awareness program for safe/secure working environments exists - an organizational process question outside code scope. IST Health Tele-Triage remediation, questionnaire review pass 2026-08-04.",Operational process closure,Pending Stage 2 evidence discovery,TBD,TBD,TBD,TBD,Pending,,No,No,Not yet triaged
Cloud CSQ,IS.29,,Are users made aware of their responsibilities for leaving unattended equipment in a secure manner?,Non-mandatory,No,"No formal, documented user-awareness program regarding unattended equipment exists - an organizational process question outside code scope. IST Health Tele-Triage remediation, questionnaire review pass 2026-08-04.",No,"No formal, documented user-awareness program regarding unattended equipment exists - an organizational process question outside code scope. IST Health Tele-Triage remediation, questionnaire review pass 2026-08-04.",Operational process closure,Pending Stage 2 evidence discovery,TBD,TBD,TBD,TBD,Pending,,No,No,Not yet triaged
Cloud CSQ,IS.30,Workspace,*Do your data management policies and procedures address customer and service level security requirements?,Mandatory,Yes,"docs/data-management-policy.md now consolidates tenant isolation, retention, legal hold, DSAR, the reveal workflow, audit logging, encryption, and self-service/org-scoped export into one real policy document, addressing customer and service-level security requirements. Closed 2026-08-05: real code n",Yes,none,Fully compliant,No action - already Yes,,,,,Existing (see remarks),"docs/data-management-policy.md now consolidates tenant isolation, retention, legal hold, DSAR, the reveal workflow, audit logging, encryption, and self-service/org-scoped export into one real policy d",Yes,Yes,Closed
Cloud CSQ,IS.31,,Do your data management policies and procedures include a tamper audit or software integrity function for unauthorized access to customer data?,Non-mandatory,Partial,"Real audit logging exists for data-modifying actions (AuditEvent, confirmed real and expanding this engagement to cover retention/DSAR/access-review/status-change actions) - this is application-level audit logging, not a dedicated tamper-audit/software-integrity-verification function (e.g. file-inte",Partial,"Real audit logging exists for data-modifying actions (AuditEvent, confirmed real and expanding this engagement to cover retention/DSAR/access-review/status-change actions) - this is application-level audit logging, not a dedicated tamper-audit/softwa",Existing control - evidence missing (tentative),Pending Stage 2 evidence discovery,TBD,TBD,TBD,TBD,Pending,,Partial,Partial,Not yet triaged
Cloud CSQ,IS.32,,*Confirm whether the virtual machine management infrastructure include a tamper audit or software integrity function to detect changes to the build/configuration of the virtual machine?,Mandatory,N/A,"Not applicable - Cloud Run is fully managed serverless compute; there is no customer-visible virtual machine management layer to have a tamper-audit function for. IST Health Tele-Triage remediation, questionnaire review pass 2026-08-04.",N/A,Not applicable,Valid N/A,No action,,,,,,"Not applicable - Cloud Run is fully managed serverless compute; there is no customer-visible virtual machine management layer to have a tamper-audit function for. IST Health Tele-Triage remediation, q",N/A,N/A,Closed
Cloud CSQ,IS.33,Encryption,*Confirm whether the supplier have a capability to allow creation of unique encryption keys per customer?,Mandatory,No,"CMEK investigated 2026-08-04: GCP does not support enabling customer-managed keys on an existing Cloud SQL instance (creation-time only). Since the shared instance also hosts the live customer-facing database, migrating to a new CMEK-enabled instance was explicitly deferred as a conscious accepted r",No,"CMEK investigated 2026-08-04: GCP does not support enabling customer-managed keys on an existing Cloud SQL instance (creation-time only). Since the shared instance also hosts the live customer-facing database, migrating to a new CMEK-enabled instance",Cannot currently comply,Pending Stage 2 evidence discovery,TBD,TBD,TBD,TBD,Pending,,No,No,Not yet triaged
Cloud CSQ,IS.34,,*Confirm whether the supplier support Bring Your Own Keys (BYOK) / Customer Managed Keys?,Mandatory,No,"CMEK investigated 2026-08-04: GCP does not support enabling customer-managed keys on an existing Cloud SQL instance (creation-time only). Since the shared instance also hosts the live customer-facing database, migrating to a new CMEK-enabled instance was explicitly deferred as a conscious accepted r",No,"CMEK investigated 2026-08-04: GCP does not support enabling customer-managed keys on an existing Cloud SQL instance (creation-time only). Since the shared instance also hosts the live customer-facing database, migrating to a new CMEK-enabled instance",Cannot currently comply,Pending Stage 2 evidence discovery,TBD,TBD,TBD,TBD,Pending,,No,No,Not yet triaged
Cloud CSQ,IS.35,Encryption Key Management,*Confirm whether the supplier encrypt customer data at rest (on disk/storage) within your environment?,Mandatory,Yes,"Cloud SQL encrypts data at rest by default (a real, GCP-managed platform guarantee, confirmed) - not customer-managed keys (see IS.33/34), but genuine encryption at rest. IST Health Tele-Triage remediation, questionnaire review pass 2026-08-04.",Yes,none,Fully compliant,No action - already Yes,,,,,Existing (see remarks),"Cloud SQL encrypts data at rest by default (a real, GCP-managed platform guarantee, confirmed) - not customer-managed keys (see IS.33/34), but genuine encryption at rest. IST Health Tele-Triage remedi",Yes,Yes,Closed
Cloud CSQ,IS.36,,*Confirm whether the supplier leverage encryption to protect data and virtual machine images during transport across and between networks and hypervisor instances?,Mandatory,Yes,"All network traffic (client-to-app, app-to-database via Cloud SQL Auth Proxy) is encrypted in transit via TLS - a real, confirmed platform default, used throughout this engagement's verification work. IST Health Tele-Triage remediation, questionnaire review pass 2026-08-04.",Yes,none,Fully compliant,No action - already Yes,,,,,Existing (see remarks),"All network traffic (client-to-app, app-to-database via Cloud SQL Auth Proxy) is encrypted in transit via TLS - a real, confirmed platform default, used throughout this engagement's verification work.",Yes,Yes,Closed
Cloud CSQ,IS.37,,Confirm whether the supplier have a capability to manage encryption keys on behalf of customers?,Non-mandatory,No,"The supplier (this application) does not manage encryption keys on behalf of customers - Google Cloud manages the underlying encryption keys as the infrastructure provider; this application has no separate customer-key-management capability. IST Health Tele-Triage remediation, questionnaire review p",No,The supplier (this application) does not manage encryption keys on behalf of customers - Google Cloud manages the underlying encryption keys as the infrastructure provider; this application has no separate customer-key-management capability. IST Heal,Cannot currently comply,Pending Stage 2 evidence discovery,TBD,TBD,TBD,TBD,Pending,,No,No,Not yet triaged
Cloud CSQ,IS.38,,Confirm whether the supplier maintain key management procedures?,Mandatory,Yes,"Implemented in docs/key-management-procedure.md - real Secret Manager rotation-reminder mechanism (90-day cadence, terraform/main.tf, Pub/Sub notification) for all 3 application secrets, with the encryption-key-management (GCP-managed) scope boundary stated honestly. Closed 2026-08-05 (Batch 2, max-",Yes,none,Fully compliant,No action - already Yes,,,,,Existing (see remarks),"Implemented in docs/key-management-procedure.md - real Secret Manager rotation-reminder mechanism (90-day cadence, terraform/main.tf, Pub/Sub notification) for all 3 application secrets, with the encr",Yes,Yes,Closed
Cloud CSQ,IS.39,,*Confirm whether the supplier conduct network-layer vulnerability scans regularly?,Mandatory,No,"No dedicated recurring network-layer vulnerability scanning tool is configured - the DAST-style probe (scripts/dastProbe.mjs) checks a narrow set of application-layer concerns, not network-layer scanning. IST Health Tele-Triage remediation, questionnaire review pass 2026-08-04.",No,"No dedicated recurring network-layer vulnerability scanning tool is configured - the DAST-style probe (scripts/dastProbe.mjs) checks a narrow set of application-layer concerns, not network-layer scanning. IST Health Tele-Triage remediation, questionn",Testing or validation closure,Pending Stage 2 evidence discovery,TBD,TBD,TBD,TBD,Pending,,No,No,Not yet triaged
Cloud CSQ,IS.40,"Vulnerability/Patch
Management",*Confirm whether the supplier conduct application- layer vulnerability scans regularly?,Mandatory,Partial,"`pnpm audit` runs in CI and blocks on high/critical dependency vulnerabilities (real, confirmed) - plus the lightweight scripted DAST-style probe checks a narrow set of application-layer concerns; neither is a comprehensive commercial application-layer vulnerability scanner. IST Health Tele-Triage r",Partial,"`pnpm audit` runs in CI and blocks on high/critical dependency vulnerabilities (real, confirmed) - plus the lightweight scripted DAST-style probe checks a narrow set of application-layer concerns; neither is a comprehensive commercial application-lay",Testing or validation closure,Pending Stage 2 evidence discovery,TBD,TBD,TBD,TBD,Pending,,Partial,Partial,Not yet triaged
Cloud CSQ,IS.41,,*Confirm whether the supplier conduct local operating system-layer vulnerability scans regularly?,Mandatory,No,"No local operating-system-layer vulnerability scanning is performed - the application runs on fully managed Cloud Run, where OS-layer patching is a Google-managed platform responsibility, not something this application team scans directly. IST Health Tele-Triage remediation, questionnaire review pas",No,"No local operating-system-layer vulnerability scanning is performed - the application runs on fully managed Cloud Run, where OS-layer patching is a Google-managed platform responsibility, not something this application team scans directly. IST Health",Testing or validation closure,Pending Stage 2 evidence discovery,TBD,TBD,TBD,TBD,Pending,,No,No,Not yet triaged
Cloud CSQ,IS.42,,"*Confirm whether the supplier have a capability to rapidly patch vulnerabilities across all of your computing devices, applications, and systems?",Mandatory,Yes,Implemented in docs/change-management-policy.md section 5 - the real CI dependency-audit gate + weekly Dependabot cadence is the rapid-patching capability for the application/dependency layer; OS/hypervisor patching is Google-managed per docs/cloud-shared-responsibility-matrix.md. Closed 2026-08-05 ,Yes,none,Fully compliant,No action - already Yes,,,,,Existing (see remarks),Implemented in docs/change-management-policy.md section 5 - the real CI dependency-audit gate + weekly Dependabot cadence is the rapid-patching capability for the application/dependency layer; OS/hype,Yes,Yes,Closed
Cloud CSQ,IS.43,,Will you provide your risk-based systems patching timeframes to your customers upon request?,Mandatory,Yes,"Implemented in docs/change-management-policy.md section 5 (Risk-based patching timeframes) - documents the real CI dependency-audit gate (0-day block on new HIGH/CRITICAL vulnerabilities) and weekly Dependabot scan cadence for existing dependencies. Closed 2026-08-05 (Batch 1, max-compliance program",Yes,none,Fully compliant,No action - already Yes,,,,,Existing (see remarks),Implemented in docs/change-management-policy.md section 5 (Risk-based patching timeframes) - documents the real CI dependency-audit gate (0-day block on new HIGH/CRITICAL vulnerabilities) and weekly D,Yes,Yes,Closed
Cloud CSQ,IS.44,Antivirus/Malicious Software,Confirm whether the supplier deploy multi anti- malware engines in your infrastructure?,Non-mandatory,No,"No dedicated anti-malware engine is deployed - not directly applicable to a serverless Cloud Run architecture with no persistent OS-level surface to run anti-malware agents on. IST Health Tele-Triage remediation, questionnaire review pass 2026-08-04.",No,"No dedicated anti-malware engine is deployed - not directly applicable to a serverless Cloud Run architecture with no persistent OS-level surface to run anti-malware agents on. IST Health Tele-Triage remediation, questionnaire review pass 2026-08-04.",Valid N/A (candidate - verify),Pending Stage 2 evidence discovery,TBD,TBD,TBD,TBD,Pending,,No,No,Not yet triaged
Cloud CSQ,IS.45,,"Confirm whether the supplier ensure that security threat detection systems which use signatures, lists, or behavioural patterns are updated across all infrastructure components within industry accepted timeframes?",Mandatory,No,"No dedicated threat-detection system using updated signature/behavioral pattern databases is confirmed configured (e.g. GCP Security Command Center is not confirmed enabled for this project). IST Health Tele-Triage remediation, questionnaire review pass 2026-08-04.",No,"No dedicated threat-detection system using updated signature/behavioral pattern databases is confirmed configured (e.g. GCP Security Command Center is not confirmed enabled for this project). IST Health Tele-Triage remediation, questionnaire review p",Cannot currently comply,Pending Stage 2 evidence discovery,TBD,TBD,TBD,TBD,Pending,,No,No,Not yet triaged
Cloud CSQ,IS.46,Incident Management,*Confirm whether the supplier have a documented security incident response plan?,Mandatory,Yes,"A real, documented security incident-response plan exists (docs/incident-response-plan.md, added this engagement). IST Health Tele-Triage remediation, questionnaire review pass 2026-08-04.",Yes,none,Fully compliant,No action - already Yes,,,,,Existing (see remarks),"A real, documented security incident-response plan exists (docs/incident-response-plan.md, added this engagement). IST Health Tele-Triage remediation, questionnaire review pass 2026-08-04.",Yes,Yes,Closed
Cloud CSQ,IS.47,,Confirm whether the supplier integrate customized customer requirements into your security incident response plans?,Non-mandatory,No,"No process exists to integrate customer-specific requirements into the incident-response plan - this is a bespoke internal system without an external multi-tenant customer base to customize plans for in that sense. IST Health Tele-Triage remediation, questionnaire review pass 2026-08-04.",No,"No process exists to integrate customer-specific requirements into the incident-response plan - this is a bespoke internal system without an external multi-tenant customer base to customize plans for in that sense. IST Health Tele-Triage remediation,",Cannot currently comply,Pending Stage 2 evidence discovery,TBD,TBD,TBD,TBD,Pending,,No,No,Not yet triaged
Cloud CSQ,IS.48,,Confirm whether the supplier have a CERT function (Computer Emergency Response Team)?,Non-mandatory,No,"No dedicated CERT (Computer Emergency Response Team) function exists - incident response follows docs/incident-response-plan.md, handled by the engineering team directly, not a separate specialized CERT unit. IST Health Tele-Triage remediation, questionnaire review pass 2026-08-04.",No,"No dedicated CERT (Computer Emergency Response Team) function exists - incident response follows docs/incident-response-plan.md, handled by the engineering team directly, not a separate specialized CERT unit. IST Health Tele-Triage remediation, quest",Cannot currently comply,Pending Stage 2 evidence discovery,TBD,TBD,TBD,TBD,Pending,,No,No,Not yet triaged
Cloud CSQ,IS.49,,Confirm whether the supplier publish a roles and responsibilities document specifying what you vs. your customers are responsible for during security incidents?,Mandatory,Yes,"Implemented in docs/incident-response-plan.md (Supplier vs. Qatar Airways responsibilities during a security incident) - a real responsibility table across detection, containment, notification, eradication/recovery, and post-incident phases. Closed 2026-08-05 (Batch 1, max-compliance program): imple",Yes,none,Fully compliant,No action - already Yes,,,,,Existing (see remarks),"Implemented in docs/incident-response-plan.md (Supplier vs. Qatar Airways responsibilities during a security incident) - a real responsibility table across detection, containment, notification, eradic",Yes,Yes,Closed
Cloud CSQ,IS.50,Incident Reporting,"Does your security information and event management (SIEM) system merge data sources (app logs, firewall logs, IDS logs, physical access logs, etc.) for granular analysis and alerting?",Mandatory,Partial,"Partial - see docs/siem-integration-readiness.md: a real-time log export (Cloud Logging sink -> Pub/Sub, verified live) now exists, ready for any SIEM to subscribe to. No SIEM is actually subscribed yet, and this architecture has no firewall/IDS/physical-access log sources to merge (serverless Cloud",Partial,"Partial - see docs/siem-integration-readiness.md: a real-time log export (Cloud Logging sink -> Pub/Sub, verified live) now exists, ready for any SIEM to subscribe to. No SIEM is actually subscribed yet, and this architecture has no firewall/IDS/phys",Existing control - evidence missing (tentative),Pending Stage 2 evidence discovery,TBD,TBD,TBD,TBD,Pending,,Partial,Partial,Not yet triaged
Cloud CSQ,IS.51,,Does your logging and monitoring framework allow isolation of an incident to specific customers?,Mandatory,Yes,"Implemented in docs/data-management-policy.md - organizationId-scoped AuditEvent/queue records allow incident data-access footprints to be traced to specific tenant organizations via GET /api/v1/admin/audit-events. Closed 2026-08-05 (Batch 3, max-compliance program): implemented/documented and cross",Yes,none,Fully compliant,No action - already Yes,,,,,Existing (see remarks),Implemented in docs/data-management-policy.md - organizationId-scoped AuditEvent/queue records allow incident data-access footprints to be traced to specific tenant organizations via GET /api/v1/admin,Yes,Yes,Closed
Cloud CSQ,IS.52,Incident Response Legal Preparation,*Does your incident response plan comply with industry standards for legally admissible chain-of-custody management processes & controls?,Mandatory,No,"No incident-response process has been evaluated against formal legal chain-of-custody standards - not established for this application. IST Health Tele-Triage remediation, questionnaire review pass 2026-08-04.",No,"No incident-response process has been evaluated against formal legal chain-of-custody standards - not established for this application. IST Health Tele-Triage remediation, questionnaire review pass 2026-08-04.",Privacy or legal closure,Pending Stage 2 evidence discovery,TBD,TBD,TBD,TBD,Pending,,No,No,Not yet triaged
Cloud CSQ,IS.53,,*Does your incident response capability include the use of legally admissible forensic data collection and analysis techniques?,Mandatory,No,"No forensic data-collection/analysis capability beyond standard Cloud Logging retention exists. IST Health Tele-Triage remediation, questionnaire review pass 2026-08-04.",No,"No forensic data-collection/analysis capability beyond standard Cloud Logging retention exists. IST Health Tele-Triage remediation, questionnaire review pass 2026-08-04.",Cannot currently comply,Pending Stage 2 evidence discovery,TBD,TBD,TBD,TBD,Pending,,No,No,Not yet triaged
Cloud CSQ,IS.54,,Confirm whether you capable of supporting litigation holds (freeze of data from a specific point in time) for a specific customer without freezing other customer data?,Mandatory,Yes,"Org-level legal hold now implemented: LegalHold.resourceType can be ""Organization"" (not just a per-record TriageQueueItem hold), checked by both the retention-purge job (src/scripts/purgeExpiredQueueData.ts) and the DSAR-erasure job (src/scripts/fulfillPrivacyRequests.ts) in addition to per-record h",Yes,none,Fully compliant,No action - already Yes,,,,,Existing (see remarks),"Org-level legal hold now implemented: LegalHold.resourceType can be ""Organization"" (not just a per-record TriageQueueItem hold), checked by both the retention-purge job (src/scripts/purgeExpiredQueueD",Yes,Yes,Closed
Cloud CSQ,IS.55,,Confirm whether the supplier enforce and attest to customer data separation when producing data in response to legal subpoenas?,Mandatory,No,"No formal process exists for producing/attesting to data separation in response to legal subpoenas - not established for this bespoke internal system. IST Health Tele-Triage remediation, questionnaire review pass 2026-08-04.",No,"No formal process exists for producing/attesting to data separation in response to legal subpoenas - not established for this bespoke internal system. IST Health Tele-Triage remediation, questionnaire review pass 2026-08-04.",Privacy or legal closure,Pending Stage 2 evidence discovery,TBD,TBD,TBD,TBD,Pending,,No,No,Not yet triaged
Cloud CSQ,IS.56,Incident Response Metrics,"Confirm whether the supplier monitor and quantify the types, volumes, and impacts on all information security incidents?",Non-mandatory,No,"No formal program exists to monitor and quantify security-incident types/volumes/impact over time. IST Health Tele-Triage remediation, questionnaire review pass 2026-08-04.",No,"No formal program exists to monitor and quantify security-incident types/volumes/impact over time. IST Health Tele-Triage remediation, questionnaire review pass 2026-08-04.",Cannot currently comply,Pending Stage 2 evidence discovery,TBD,TBD,TBD,TBD,Pending,,No,No,Not yet triaged
Cloud CSQ,IS.57,,Will you share statistical information security incident data with your customers upon request?,Non-mandatory,No,"Not applicable - no such statistical incident-data program exists to share from (see IS.56). IST Health Tele-Triage remediation, questionnaire review pass 2026-08-04.",No,"Not applicable - no such statistical incident-data program exists to share from (see IS.56). IST Health Tele-Triage remediation, questionnaire review pass 2026-08-04.",Valid N/A (candidate - verify),Pending Stage 2 evidence discovery,TBD,TBD,TBD,TBD,Pending,,No,No,Not yet triaged
Cloud CSQ,IS.58,Acceptable Use,Confirm whether the supplier provide documentation regarding how you may utilize or access customer data and/or metadata?,Mandatory,Yes,"Implemented in docs/customer-data-usage-statement.md - a real, customer-facing statement of how IST Health accesses/uses customer data and metadata, consolidating docs/soc2-data-governance-schema-status.md and docs/data-management-policy.md. Closed 2026-08-05 (Batch 3, max-compliance program): imple",Yes,none,Fully compliant,No action - already Yes,,,,,Existing (see remarks),"Implemented in docs/customer-data-usage-statement.md - a real, customer-facing statement of how IST Health accesses/uses customer data and metadata, consolidating docs/soc2-data-governance-schema-stat",Yes,Yes,Closed
Cloud CSQ,IS.59,,"Confirm whether the supplier collect or create metadata about customer data usage through the use of inspection technologies (search engines, etc.)?",Mandatory,No,"No inspection-technology-based metadata collection (e.g. search-engine indexing of customer data) occurs in this application. IST Health Tele-Triage remediation, questionnaire review pass 2026-08-04.",No,"No inspection-technology-based metadata collection (e.g. search-engine indexing of customer data) occurs in this application. IST Health Tele-Triage remediation, questionnaire review pass 2026-08-04.",Cannot currently comply,Pending Stage 2 evidence discovery,TBD,TBD,TBD,TBD,Pending,,No,No,Not yet triaged
Cloud CSQ,IS.60,,Confirm whether the supplier allow customers to opt- out of having their data/metadata accessed via inspection technologies?,Mandatory,N/A,"Not applicable - no such inspection-technology metadata collection occurs to opt out of (see IS.59). IST Health Tele-Triage remediation, questionnaire review pass 2026-08-04.",N/A,Not applicable,Valid N/A,No action,,,,,,"Not applicable - no such inspection-technology metadata collection occurs to opt out of (see IS.59). IST Health Tele-Triage remediation, questionnaire review pass 2026-08-04.",N/A,N/A,Closed
Cloud CSQ,IS.61,Asset Returns,Confirm whether systems in place to monitor for privacy breaches and notify customers expeditiously if a privacy event may have impacted their data?,Mandatory,Yes,"Real, rolling-window (5 min) per-user privacy-reveal request-rate anomaly detection now exists (checkRevealAnomalyRate(), src/services/securityAdmin.ts:3099, called at the top of requestReveal()) - writes a high-risk AuditEvent (action PRIVACY_REVEAL_ANOMALY_DETECTED) when a threshold (10 requests/5",Yes,none,Fully compliant,No action - already Yes,,,,,Existing (see remarks),"Real, rolling-window (5 min) per-user privacy-reveal request-rate anomaly detection now exists (checkRevealAnomalyRate(), src/services/securityAdmin.ts:3099, called at the top of requestReveal()) - wr",Yes,Yes,Closed
Cloud CSQ,IS.62,,Confirm whether your Privacy Policy aligned with industry standards and Qatar's Law,Mandatory,Needs legal input,"Alignment with Qatar's specific data-protection law requires legal/compliance review, not a code-level determination - cannot be honestly answered from a codebase review alone. IST Health Tele-Triage remediation, questionnaire review pass 2026-08-04.",Other,"Alignment with Qatar's specific data-protection law requires legal/compliance review, not a code-level determination - cannot be honestly answered from a codebase review alone. IST Health Tele-Triage remediation, questionnaire review pass 2026-08-04.",Privacy or legal closure,Pending Stage 2 evidence discovery,TBD,TBD,TBD,TBD,Pending,,Other,Other,Not yet triaged
Cloud CSQ,IS.63,e-Commerce Transactions,"Confirm whether the supplier provide standard encryption methodologies (3DES, AES, etc.) to customers in order for them to protect their data if it is required to traverse public networks? (ex. the Internet)",Mandatory,Yes,"TLS (a standard, industry-recognized encryption methodology) protects all data in transit by default - a real, confirmed platform behavior, not a customer-configurable choice of cipher suite, but a genuinely strong standard default. IST Health Tele-Triage remediation, questionnaire review pass 2026-",Yes,none,Fully compliant,No action - already Yes,,,,,Existing (see remarks),"TLS (a standard, industry-recognized encryption methodology) protects all data in transit by default - a real, confirmed platform behavior, not a customer-configurable choice of cipher suite, but a ge",Yes,Yes,Closed
Cloud CSQ,IS.64,,*Confirm whether the supplier utilize standard encryption methodologies any time your infrastructure components need to communicate to each other over public networks (ex. Internet- based replication of data from one environment to another)?,Mandatory,Yes,"All inter-component communication (application to database via Cloud SQL Auth Proxy, application to Twilio) uses TLS by default - confirmed real, standard encryption in transit. IST Health Tele-Triage remediation, questionnaire review pass 2026-08-04.",Yes,none,Fully compliant,No action - already Yes,,,,,Existing (see remarks),"All inter-component communication (application to database via Cloud SQL Auth Proxy, application to Twilio) uses TLS by default - confirmed real, standard encryption in transit. IST Health Tele-Triage",Yes,Yes,Closed
Cloud CSQ,IS.65,Audit Tools Access,"Confirm whether the supplier restrict, log, and monitor access to your information security management systems? (Ex. Hypervisors, firewalls, vulnerability scanners, network sniffers, APIs, etc.)",Mandatory,Yes,"Documented in docs/cloud-shared-responsibility-matrix.md - application-level admin access is restricted (RBAC) and logged (AuditEvent, real); infrastructure-level access (Cloud Console/IAM) is restricted and logged by GCP Cloud Audit Logs, a real native GCP capability this application inherits. Clos",Yes,none,Fully compliant,No action - already Yes,,,,,Existing (see remarks),"Documented in docs/cloud-shared-responsibility-matrix.md - application-level admin access is restricted (RBAC) and logged (AuditEvent, real); infrastructure-level access (Cloud Console/IAM) is restric",Yes,Yes,Closed
Cloud CSQ,IS.66,Diagnostic/Configuration            Ports Access,*Confirm whether the supplier ensure hardening of admin workstations and Role Based Access Control to enforce the ‘least privilege’ principle,Mandatory,Partial,"Real least-privilege patterns exist at the application level (permission-code-gated actions, dedicated non-superuser database users per environment) - there is no formal, separate 'admin workstation hardening' policy/control, since this is a cloud-native application with no dedicated admin workstati",Partial,"Real least-privilege patterns exist at the application level (permission-code-gated actions, dedicated non-superuser database users per environment) - there is no formal, separate 'admin workstation hardening' policy/control, since this is a cloud-na",Existing control - evidence missing (tentative),Pending Stage 2 evidence discovery,TBD,TBD,TBD,TBD,Pending,,Partial,Partial,Not yet triaged
Cloud CSQ,IS.67,Network /Infrastructure Services,Confirm whether the supplier collect capacity and utilization data for all relevant components of your cloud service offering?,Non-mandatory,Partial,"Cloud Run/Cloud SQL both expose real, native utilization metrics (confirmed, used this engagement for saturation alerting) - there is no separate capacity-planning data-collection process beyond what these platform metrics already provide. IST Health Tele-Triage remediation, questionnaire review pas",Partial,"Cloud Run/Cloud SQL both expose real, native utilization metrics (confirmed, used this engagement for saturation alerting) - there is no separate capacity-planning data-collection process beyond what these platform metrics already provide. IST Health",Existing control - evidence missing (tentative),Pending Stage 2 evidence discovery,TBD,TBD,TBD,TBD,Pending,,Partial,Partial,Not yet triaged
Cloud CSQ,IS.68,,Confirm whether the supplier provide customers with capacity planning and utilization reports?,Non-mandatory,No,"No formal, recurring capacity-planning/utilization report is produced or shared - the underlying metrics exist (see IS.67), but no report deliverable is generated from them today. IST Health Tele-Triage remediation, questionnaire review pass 2026-08-04.",No,"No formal, recurring capacity-planning/utilization report is produced or shared - the underlying metrics exist (see IS.67), but no report deliverable is generated from them today. IST Health Tele-Triage remediation, questionnaire review pass 2026-08-",Cannot currently comply,Pending Stage 2 evidence discovery,TBD,TBD,TBD,TBD,Pending,,No,No,Not yet triaged
Cloud CSQ,IS.69,Portable/Mobile Devices,"*Confirm whether the supplier allow mobile devises in your facility for administration purposes (e.g., tablets,)?",Mandatory,N/A,"Not applicable - there is no physical facility operated by this application team for mobile devices to be present in; any Google Cloud data-center device policy is inherited from Google, not set by this team. IST Health Tele-Triage remediation, questionnaire review pass 2026-08-04.",N/A,Not applicable,Valid N/A,No action,,,,,,"Not applicable - there is no physical facility operated by this application team for mobile devices to be present in; any Google Cloud data-center device policy is inherited from Google, not set by th",N/A,N/A,Closed
Cloud CSQ,IS.70,Source Code Access Restriction,"Confirm whether controls in place to prevent unauthorized access to your application, program or object source code, and assure it is restricted to authorized personnel only?",Mandatory,Yes,"Source code access is restricted via GitHub repository permissions and branch protection requiring CI to pass before merge (both real, confirmed this engagement) - not a formally separate 'source code access control policy' document, but genuinely enforced access restriction. IST Health Tele-Triage ",Yes,none,Fully compliant,No action - already Yes,,,,,Existing (see remarks),"Source code access is restricted via GitHub repository permissions and branch protection requiring CI to pass before merge (both real, confirmed this engagement) - not a formally separate 'source code",Yes,Yes,Closed
Cloud CSQ,IS.71,,"Confirm whether controls in place to prevent unauthorized access to customer application, program or object source code, and assure it is restricted to authorized personnel only?",Mandatory,N/A,"Not applicable - there is no separate 'customer application source code' distinct from this application's own source code, since this is a bespoke single-tenant-per-organization system, not a platform hosting customer-authored code. IST Health Tele-Triage remediation, questionnaire review pass 2026-",N/A,Not applicable,Valid N/A,No action,,,,,,"Not applicable - there is no separate 'customer application source code' distinct from this application's own source code, since this is a bespoke single-tenant-per-organization system, not a platform",N/A,N/A,Closed
Cloud CSQ,IS.72,Utility Programs Access,"Confirm whether utilities that can significantly manage virtualized partitions (ex. shutdown, clone, etc.) appropriately restricted and monitored?",Mandatory,N/A,"Not applicable - Cloud Run is fully managed serverless compute; there is no customer-visible virtualized-partition management layer (no hypervisor-level shutdown/clone utilities exposed to this application team). IST Health Tele-Triage remediation, questionnaire review pass 2026-08-04.",N/A,Not applicable,Valid N/A,No action,,,,,,Not applicable - Cloud Run is fully managed serverless compute; there is no customer-visible virtualized-partition management layer (no hypervisor-level shutdown/clone utilities exposed to this applic,N/A,N/A,Closed
Cloud CSQ,IS.73,,"Confirm whether the supplier have a capability to detect attacks which target the virtual infrastructure directly (ex. shimming, Blue Pill, Hyper jumping, etc.)?",Mandatory,No,"No dedicated detection capability for virtualization-layer attacks (e.g. hypervisor exploits) exists - not directly applicable to a fully managed serverless architecture where the hypervisor layer is entirely Google-managed. IST Health Tele-Triage remediation, questionnaire review pass 2026-08-04.",No,No dedicated detection capability for virtualization-layer attacks (e.g. hypervisor exploits) exists - not directly applicable to a fully managed serverless architecture where the hypervisor layer is entirely Google-managed. IST Health Tele-Triage re,Valid N/A (candidate - verify),Pending Stage 2 evidence discovery,TBD,TBD,TBD,TBD,Pending,,No,No,Not yet triaged
Cloud CSQ,IS.74,,Confirm whether attacks which target the virtual infrastructure prevented with technical controls?,Mandatory,N/A,"Not applicable - same reason as IS.73, the virtualization layer is entirely Google-managed and outside this application team's direct control or attestation scope. IST Health Tele-Triage remediation, questionnaire review pass 2026-08-04.",N/A,Not applicable,Valid N/A,No action,,,,,,"Not applicable - same reason as IS.73, the virtualization layer is entirely Google-managed and outside this application team's direct control or attestation scope. IST Health Tele-Triage remediation, ",N/A,N/A,Closed
Cloud CSQ,LG.01,Nondisclosur e Agreements,"Confirm whether requirements for non- disclosure or confidentiality agreements reflecting the organization's needs for the protection of data and operational details identified, documented and reviewed at planned intervals?",Mandatory,Partial,"Standard confidentiality expectations apply to this engagement's work and data handling, though no dedicated, signed NDA/confidentiality-agreement template specific to this application has been documented separately from broader organizational agreements. IST Health Tele-Triage remediation, question",Partial,"Standard confidentiality expectations apply to this engagement's work and data handling, though no dedicated, signed NDA/confidentiality-agreement template specific to this application has been documented separately from broader organizational agreem",Existing control - evidence missing (tentative),Pending Stage 2 evidence discovery,TBD,TBD,TBD,TBD,Pending,,Partial,Partial,Not yet triaged
Cloud CSQ,LG.02,Third Party Agreements,Does any 3rd party organization have access to the customer’s (My) data?,Mandatory,No,"No third-party organization has direct access to this application's data - the only external integration (Twilio) processes voice/SMS metadata under its own standard commercial terms, not general data access. IST Health Tele-Triage remediation, questionnaire review pass 2026-08-04.",No,"No third-party organization has direct access to this application's data - the only external integration (Twilio) processes voice/SMS metadata under its own standard commercial terms, not general data access. IST Health Tele-Triage remediation, quest",Cannot currently comply,Pending Stage 2 evidence discovery,TBD,TBD,TBD,TBD,Pending,,No,No,Not yet triaged
Cloud CSQ,LG.03,Data location,Confirm whether the Cloud Service Provider agree to store Qatar Airways data in a location that Qatar Airways selects,Mandatory,Yes,"All current infrastructure (Cloud Run, Cloud SQL, Firebase Hosting) is provisioned in me-central1 (Doha, Qatar) - a real, verifiable, already-Qatar-based deployment, not merely an agreement to consider it. IST Health Tele-Triage remediation, questionnaire review pass 2026-08-04.",Yes,none,Fully compliant,No action - already Yes,,,,,Existing (see remarks),"All current infrastructure (Cloud Run, Cloud SQL, Firebase Hosting) is provisioned in me-central1 (Doha, Qatar) - a real, verifiable, already-Qatar-based deployment, not merely an agreement to conside",Yes,Yes,Closed
Cloud CSQ,LG.04,Data Portability,Confirm whether the Cloud Service Provider agree on the data portability that gives Qatar Airways flexibility to port data from one Data Centre location (in specific country) to another?,Mandatory,Yes,"Data-portability now implemented via a real self-service export endpoint: GET /api/v1/admin/organizations/:orgId/export (PAM-elevation-gated) returns every real queue record belonging to one specific tenant as downloadable JSON, independent of the requesting admin's own tenant scope - a real, code-v",Yes,none,Fully compliant,No action - already Yes,,,,,Existing (see remarks),Data-portability now implemented via a real self-service export endpoint: GET /api/v1/admin/organizations/:orgId/export (PAM-elevation-gated) returns every real queue record belonging to one specific ,Yes,Yes,Closed
Cloud CSQ,OM.01,Policy,Are policies and procedures established and made available for all personnel to adequately support services operations roles?,Non-mandatory,No,"No formal, documented operations-support policy/procedure set exists for personnel roles - an organizational process document, not established for this engagement. IST Health Tele-Triage remediation, questionnaire review pass 2026-08-04.",No,"No formal, documented operations-support policy/procedure set exists for personnel roles - an organizational process document, not established for this engagement. IST Health Tele-Triage remediation, questionnaire review pass 2026-08-04.",Documentation closure,Pending Stage 2 evidence discovery,TBD,TBD,TBD,TBD,Pending,,No,No,Not yet triaged
Cloud CSQ,OM.02,Documentati on,"Are Information system documentation (e.g., administrator and user guides, architecture diagrams, etc.) made available to authorized personnel to ensure Configuring, installing, and operating the information system?",Non-mandatory,Partial,"Real documentation exists for this application's real architecture (this engagement's docs: backup/DR plan, data-governance status, terraform IaC comments) - not compiled into a single formal administrator/user-guide set. IST Health Tele-Triage remediation, questionnaire review pass 2026-08-04.",Partial,"Real documentation exists for this application's real architecture (this engagement's docs: backup/DR plan, data-governance status, terraform IaC comments) - not compiled into a single formal administrator/user-guide set. IST Health Tele-Triage remed",Cloud or infrastructure closure,Pending Stage 2 evidence discovery,TBD,TBD,TBD,TBD,Pending,,Partial,Partial,Not yet triaged
Cloud CSQ,OM.03,Capacity/Resource Planning,"Confirm whether the supplier provide documentation regarding what levels of system (network, storage, memory, I/O, etc.) oversubscription you maintain and under what circumstances/scenarios?",Non-mandatory,N/A,"Not applicable - Cloud Run is fully managed serverless compute with no customer-visible oversubscription concept (network/storage/memory/I/O oversubscription is a Google-managed platform concern, not exposed to this application). IST Health Tele-Triage remediation, questionnaire review pass 2026-08-",N/A,Not applicable,Valid N/A,No action,,,,,,"Not applicable - Cloud Run is fully managed serverless compute with no customer-visible oversubscription concept (network/storage/memory/I/O oversubscription is a Google-managed platform concern, not ",N/A,N/A,Closed
Cloud CSQ,OM.04,,*Confirm whether the supplier restrict use of the memory oversubscription capabilities present in the hypervisor?,Mandatory,N/A,"Not applicable - same reason as OM.03, no customer-facing hypervisor memory-oversubscription control exists in this serverless architecture. IST Health Tele-Triage remediation, questionnaire review pass 2026-08-04.",N/A,Not applicable,Valid N/A,No action,,,,,,"Not applicable - same reason as OM.03, no customer-facing hypervisor memory-oversubscription control exists in this serverless architecture. IST Health Tele-Triage remediation, questionnaire review pa",N/A,N/A,Closed
Cloud CSQ,OM.05,Equipment Maintenance,"If using virtual infrastructure, does your cloud solution include hardware independent restore and recovery capabilities including offsite storage of backups?",Mandatory,Yes,"Real, hardware-independent restore capability exists and was verified this engagement: Cloud SQL automated backups with point-in-time recovery, tested via a genuine restore drill (docs/restore-drill-2026-08-04.md) that cloned and verified data byte-for-byte. IST Health Tele-Triage remediation, quest",Yes,none,Fully compliant,No action - already Yes,,,,,Existing (see remarks),"Real, hardware-independent restore capability exists and was verified this engagement: Cloud SQL automated backups with point-in-time recovery, tested via a genuine restore drill (docs/restore-drill-2",Yes,Yes,Closed
Cloud CSQ,OM.06,,"*If using virtual infrastructure, do you provide customers with a capability to restore a Virtual Machine to a previous state in time?",Mandatory,Yes,"Real, verified capability - Cloud SQL's point-in-time recovery clone mechanism was used in the restore drill this engagement to restore the database to a specific prior timestamp, confirmed working end-to-end. IST Health Tele-Triage remediation, questionnaire review pass 2026-08-04.",Yes,none,Fully compliant,No action - already Yes,,,,,Existing (see remarks),"Real, verified capability - Cloud SQL's point-in-time recovery clone mechanism was used in the restore drill this engagement to restore the database to a specific prior timestamp, confirmed working en",Yes,Yes,Closed
Cloud CSQ,OM.07,,"*If using virtual infrastructure, do you allow virtual machine images to be downloaded and ported to a new cloud provider?",Mandatory,N/A,"Not applicable - Cloud Run is fully managed serverless compute; there is no customer-downloadable virtual machine image concept in this architecture. IST Health Tele-Triage remediation, questionnaire review pass 2026-08-04.",N/A,Not applicable,Valid N/A,No action,,,,,,"Not applicable - Cloud Run is fully managed serverless compute; there is no customer-downloadable virtual machine image concept in this architecture. IST Health Tele-Triage remediation, questionnaire ",N/A,N/A,Closed
Cloud CSQ,OM.08,,"*If using virtual infrastructure, are machine images made available to the customer in a way that would allow the customer to replicate those images in their own off-site storage location?",Mandatory,N/A,"Not applicable - same reason as OM.07, no customer-facing VM image replication capability exists in this serverless model. IST Health Tele-Triage remediation, questionnaire review pass 2026-08-04.",N/A,Not applicable,Valid N/A,No action,,,,,,"Not applicable - same reason as OM.07, no customer-facing VM image replication capability exists in this serverless model. IST Health Tele-Triage remediation, questionnaire review pass 2026-08-04.",N/A,N/A,Closed
Cloud CSQ,OM.09,,Confirm whether the supplier share reports on your backup/recovery exercise results?,Non-mandatory,Yes,"A real backup/recovery drill was performed and documented this engagement (docs/restore-drill-2026-08-04.md), including a genuine timing finding (clone took ~1 hour vs. ~20 minutes for a read replica) worth sharing as real evidence, not just a claim that backups exist. IST Health Tele-Triage remedia",Yes,none,Fully compliant,No action - already Yes,,,,,Existing (see remarks),"A real backup/recovery drill was performed and documented this engagement (docs/restore-drill-2026-08-04.md), including a genuine timing finding (clone took ~1 hour vs. ~20 minutes for a read replica)",Yes,Yes,Closed
Cloud CSQ,OM.10,,Does your cloud solution include software / provider independent restore and recovery capabilities?,Non-mandatory,Partial,"Cloud SQL's own backup/restore mechanism is independent of the application's software layer (a database-platform capability, confirmed real via the restore drill) - it is still GCP-provider-dependent, not a provider-agnostic restore mechanism. IST Health Tele-Triage remediation, questionnaire review",Partial,"Cloud SQL's own backup/restore mechanism is independent of the application's software layer (a database-platform capability, confirmed real via the restore drill) - it is still GCP-provider-dependent, not a provider-agnostic restore mechanism. IST He",Existing control - evidence missing (tentative),Pending Stage 2 evidence discovery,TBD,TBD,TBD,TBD,Pending,,Partial,Partial,Not yet triaged
Cloud CSQ,RM.01,Program,Is your organization insured by a 3rd party for losses?,Non-mandatory,N/A,"Not a code/technical question - requires input from whoever owns the commercial/insurance relationship for this engagement, not a code review. IST Health Tele-Triage remediation, questionnaire review pass 2026-08-04.",N/A,Not applicable,Valid N/A,No action,,,,,,"Not a code/technical question - requires input from whoever owns the commercial/insurance relationship for this engagement, not a code review. IST Health Tele-Triage remediation, questionnaire review ",N/A,N/A,Closed
Cloud CSQ,RM.02,,*Do your organization's service level agreements provide customer remuneration for losses they may incur due to outages or losses experienced within your infrastructure?,Mandatory,N/A (commercial),"Not a code question - SLA remuneration terms are a commercial/contractual matter, not something determined by the codebase. IST Health Tele-Triage remediation, questionnaire review pass 2026-08-04.",N/A,Not applicable,Valid N/A,No action,,,,,,"Not a code question - SLA remuneration terms are a commercial/contractual matter, not something determined by the codebase. IST Health Tele-Triage remediation, questionnaire review pass 2026-08-04.",N/A,N/A,Closed
Cloud CSQ,RM.03,Assessments,"Confirm whether formal risk assessments aligned with the enterprise-wide framework and performed at least annually, or at planned intervals, determining the likelihood and impact of all identified risks, using qualitative and quantitative methods?",Mandatory,Yes,"docs/risk-register-2026-08-04.md's ""Review cadence"" section now defines a real, committed quarterly review cadence with an explicit next-review date (2026-11-04), owner, and methodology notes. Closed 2026-08-05: real code now implements this control end-to-end (see docs/qr-questionnaire-backlog-trac",Yes,none,Fully compliant,No action - already Yes,,,,,Existing (see remarks),"docs/risk-register-2026-08-04.md's ""Review cadence"" section now defines a real, committed quarterly review cadence with an explicit next-review date (2026-11-04), owner, and methodology notes. Closed ",Yes,Yes,Closed
Cloud CSQ,RM.04,,"Is the likelihood and impact associated with inherent and residual risk determined independently, considering all risk categories (e.g., audit results, threat and vulnerability analysis, and regulatory compliance)?",Mandatory,Yes,Same risk-register review-cadence section defines how likelihood/impact are independently assessed per risk category on the new committed cadence. Closed 2026-08-05: real code now implements this control end-to-end (see docs/qr-questionnaire-backlog-tracker.md for the specific commit).,Yes,none,Fully compliant,No action - already Yes,,,,,Existing (see remarks),Same risk-register review-cadence section defines how likelihood/impact are independently assessed per risk category on the new committed cadence. Closed 2026-08-05: real code now implements this cont,Yes,Yes,Closed
Cloud CSQ,RM.05,Mitigation/Acceptance,Confirm whether risks mitigated to acceptable levels based on company-established criteria in accordance with reasonable resolution time frames?,Mandatory,Yes,"Same risk-register review-cadence section commits to acceptable-level mitigation timeframes going forward, evidenced by several risks already mitigated this engagement. Closed 2026-08-05: real code now implements this control end-to-end (see docs/qr-questionnaire-backlog-tracker.md for the specific ",Yes,none,Fully compliant,No action - already Yes,,,,,Existing (see remarks),"Same risk-register review-cadence section commits to acceptable-level mitigation timeframes going forward, evidenced by several risks already mitigated this engagement. Closed 2026-08-05: real code no",Yes,Yes,Closed
Cloud CSQ,RM.06,,Confirm whether remediation conducted at acceptable levels based on company-established criteria in accordance with reasonable time frames?,Mandatory,Yes,Same risk-register review-cadence section covers remediation timeframes. Closed 2026-08-05: real code now implements this control end-to-end (see docs/qr-questionnaire-backlog-tracker.md for the specific commit).,Yes,none,Fully compliant,No action - already Yes,,,,,Existing (see remarks),Same risk-register review-cadence section covers remediation timeframes. Closed 2026-08-05: real code now implements this control end-to-end (see docs/qr-questionnaire-backlog-tracker.md for the speci,Yes,Yes,Closed
Cloud CSQ,RM.07,Business/Policy Change Impacts,"*Do risk assessment results include updates to security policies, procedures, standards and controls to ensure they remain relevant and effective?",Mandatory,Yes,"This engagement's risk register was itself built directly from real findings and led to real policy/control updates (e.g. the session-revocation fix found during this exact questionnaire review process) - a genuine example of risk assessment driving control updates, not a static document. IST Health",Yes,none,Fully compliant,No action - already Yes,,,,,Existing (see remarks),This engagement's risk register was itself built directly from real findings and led to real policy/control updates (e.g. the session-revocation fix found during this exact questionnaire review proces,Yes,Yes,Closed
Cloud CSQ,RM.08,"Third Party
Acces",Confirm whether the supplier monitor service continuity with upstream internet providers in the event of provider failure?,Non-mandatory,Partial,Cloud Run/Firebase Hosting/Cloud SQL are all Google-managed services with Google's own upstream-provider monitoring (a platform-inherited capability) - this application team does not separately monitor upstream internet-provider continuity beyond what GCP itself provides. IST Health Tele-Triage reme,Partial,Cloud Run/Firebase Hosting/Cloud SQL are all Google-managed services with Google's own upstream-provider monitoring (a platform-inherited capability) - this application team does not separately monitor upstream internet-provider continuity beyond wha,Existing control - evidence missing (tentative),Pending Stage 2 evidence discovery,TBD,TBD,TBD,TBD,Pending,,Partial,Partial,Not yet triaged
Cloud CSQ,RM.09,,Confirm whether the supplier have more than one provider for each service you depend on?,Non-mandatory,No,"Only one cloud provider (GCP) is used for all infrastructure - there is no multi-cloud or multi-provider redundancy for any dependency. IST Health Tele-Triage remediation, questionnaire review pass 2026-08-04.",No,"Only one cloud provider (GCP) is used for all infrastructure - there is no multi-cloud or multi-provider redundancy for any dependency. IST Health Tele-Triage remediation, questionnaire review pass 2026-08-04.",Cannot currently comply,Pending Stage 2 evidence discovery,TBD,TBD,TBD,TBD,Pending,,No,No,Not yet triaged
Cloud CSQ,RM.10,,Confirm whether the supplier provide access to operational redundancy and continuity summaries which,Non-mandatory,No,"No formal, recurring operational-redundancy/continuity summary report is produced or shared with any customer. IST Health Tele-Triage remediation, questionnaire review pass 2026-08-04.",No,"No formal, recurring operational-redundancy/continuity summary report is produced or shared with any customer. IST Health Tele-Triage remediation, questionnaire review pass 2026-08-04.",Cannot currently comply,Pending Stage 2 evidence discovery,TBD,TBD,TBD,TBD,Pending,,No,No,Not yet triaged
Cloud CSQ,RM.11,,Confirm whether the supplier provide the customer the ability to declare a disaster?,Non-mandatory,No,"No customer-facing disaster-declaration capability exists - this is a bespoke internal system without an external customer support process for this. IST Health Tele-Triage remediation, questionnaire review pass 2026-08-04.",No,"No customer-facing disaster-declaration capability exists - this is a bespoke internal system without an external customer support process for this. IST Health Tele-Triage remediation, questionnaire review pass 2026-08-04.",Cannot currently comply,Pending Stage 2 evidence discovery,TBD,TBD,TBD,TBD,Pending,,No,No,Not yet triaged
Cloud CSQ,RM.12,,Confirm whether the supplier provide a customer triggered failover option?,Non-mandatory,No,"No customer-triggered failover option exists - the DR failover runbook (docs/dr-failover-runbook.md, added this engagement) is engineer-executed, not customer-self-service, and has not yet been rehearsed. IST Health Tele-Triage remediation, questionnaire review pass 2026-08-04.",No,"No customer-triggered failover option exists - the DR failover runbook (docs/dr-failover-runbook.md, added this engagement) is engineer-executed, not customer-self-service, and has not yet been rehearsed. IST Health Tele-Triage remediation, questionn",Cannot currently comply,Pending Stage 2 evidence discovery,TBD,TBD,TBD,TBD,Pending,,No,No,Not yet triaged
Cloud CSQ,RM.13,,*Confirm whether the supplier share your business continuity and redundancy plans with your customers?,Mandatory,Yes,"Implemented in docs/dr-failover-runbook.md - the real BCP/DR runbook and docs/backup-disaster-recovery-plan.md are available to share with Qatar Airways on request; this closes the willingness/process-to-share ask specifically, not the separate DR-rehearsal gap (tracked at DR.05/RM.05). Closed 2026-",Yes,none,Fully compliant,No action - already Yes,,,,,Existing (see remarks),Implemented in docs/dr-failover-runbook.md - the real BCP/DR runbook and docs/backup-disaster-recovery-plan.md are available to share with Qatar Airways on request; this closes the willingness/process,Yes,Yes,Closed
Cloud CSQ,SD.01,"New Development
/ Acquisition","Confirm whether policies and procedures established for management authorization for development or acquisition of new applications, systems, databases, infrastructure, services, operations, and facilities?",Mandatory,Yes,"Implemented in docs/change-management-policy.md section 6 - the real PR review + CI-gating process (typecheck, full test suite, dependency audit) is the management-authorization mechanism for this internally-built system; no separate third-party acquisition process is needed since nothing is externa",Yes,none,Fully compliant,No action - already Yes,,,,,Existing (see remarks),"Implemented in docs/change-management-policy.md section 6 - the real PR review + CI-gating process (typecheck, full test suite, dependency audit) is the management-authorization mechanism for this int",Yes,Yes,Closed
Cloud CSQ,SD.02,Production Changes,*Confirm whether the supplier provide customers with documentation which describes your production change management procedures and their roles/rights/responsibilities within it?,Mandatory,Yes,"docs/change-management-policy.md now consolidates the real, already-practiced controls into one standalone document: CI gating (typecheck/tests/dependency-audit/SBOM/CodeQL via .github/workflows/ci.yml and codeql.yml), the canary-then-cutover deployment pattern used for every Cloud Run deploy this e",Yes,none,Fully compliant,No action - already Yes,,,,,Existing (see remarks),"docs/change-management-policy.md now consolidates the real, already-practiced controls into one standalone document: CI gating (typecheck/tests/dependency-audit/SBOM/CodeQL via .github/workflows/ci.ym",Yes,Yes,Closed
Cloud CSQ,SD.03,Quality Testing,Confirm whether the supplier provide your customers with documentation which describes your quality assurance process?,Non-mandatory,Yes,"Implemented in docs/change-management-policy.md section 7 - documents the real, enforced QA process (typecheck, full test suite, dependency audit, SBOM, Docker build validation, canary-then-cutover verification) applied to every change. Closed 2026-08-05 (Batch 2, max-compliance program): implemente",Yes,none,Fully compliant,No action - already Yes,,,,,Existing (see remarks),"Implemented in docs/change-management-policy.md section 7 - documents the real, enforced QA process (typecheck, full test suite, dependency audit, SBOM, Docker build validation, canary-then-cutover ve",Yes,Yes,Closed
Cloud CSQ,SD.04,Outsourced Development,*Confirm whether the supplier have controls in place to ensure that standards of quality are being met for all software development?,Mandatory,Yes,"Same evidence as SD.03 - docs/change-management-policy.md section 7. Closed 2026-08-05 (Batch 2, max-compliance program): implemented/documented and cross-checked against real code/Terraform before this response changed.",Yes,none,Fully compliant,No action - already Yes,,,,,Existing (see remarks),"Same evidence as SD.03 - docs/change-management-policy.md section 7. Closed 2026-08-05 (Batch 2, max-compliance program): implemented/documented and cross-checked against real code/Terraform before th",Yes,Yes,Closed
Cloud CSQ,SD.05,,*Confirm whether the supplier have controls in place to detect source code security defects for any outsourced software development activities?,Mandatory,Yes,"Yes - a dedicated static application security testing (SAST) tool is now wired into CI: GitHub CodeQL (.github/workflows/codeql.yml) analyzes the full javascript-typescript codebase on every push/PR to main plus a weekly scheduled scan, verified running end-to-end on GitHub Actions (real extraction ",Yes,none,Fully compliant,No action - already Yes,,,,,Existing (see remarks),Yes - a dedicated static application security testing (SAST) tool is now wired into CI: GitHub CodeQL (.github/workflows/codeql.yml) analyzes the full javascript-typescript codebase on every push/PR t,Yes,Yes,Closed
Cloud CSQ,SD.06,Unauthorized Software Installations,*Confirm whether the supplier have controls in place to restrict and monitor the installation of unauthorized software onto your systems?,Mandatory,No,"No control exists to detect or restrict unauthorized software installation onto the underlying infrastructure - not directly applicable to a fully managed, serverless Cloud Run architecture with no persistent OS to install unauthorized software onto. IST Health Tele-Triage remediation, questionnaire",No,"No control exists to detect or restrict unauthorized software installation onto the underlying infrastructure - not directly applicable to a fully managed, serverless Cloud Run architecture with no persistent OS to install unauthorized software onto.",Valid N/A (candidate - verify),Pending Stage 2 evidence discovery,TBD,TBD,TBD,TBD,Pending,,No,No,Not yet triaged
Cloud CSQ,DR.01,Impact Analysis,Confirm whether the supplier provide customers with on-going visibility and reporting into your operational Service Level Agreement (SLA) performance?,Non-mandatory,Partial,"Real uptime alerting exists (Cloud Monitoring, added this engagement) - there is no formal, ongoing customer-facing SLA performance report deliverable, since availability data lives in internal GCP dashboards, not a QR-facing view yet. IST Health Tele-Triage remediation, questionnaire review pass 20",Partial,"Real uptime alerting exists (Cloud Monitoring, added this engagement) - there is no formal, ongoing customer-facing SLA performance report deliverable, since availability data lives in internal GCP dashboards, not a QR-facing view yet. IST Health Tel",Existing control - evidence missing (tentative),Pending Stage 2 evidence discovery,TBD,TBD,TBD,TBD,Pending,,Partial,Partial,Not yet triaged
Cloud CSQ,DR.02,,Confirm whether the supplier provide customers with on-going visibility and reporting into your SLA performance?,Non-mandatory,Partial,"Same as DR.01 - real monitoring exists internally, not yet packaged as customer-facing SLA reporting. IST Health Tele-Triage remediation, questionnaire review pass 2026-08-04.",Partial,"Same as DR.01 - real monitoring exists internally, not yet packaged as customer-facing SLA reporting. IST Health Tele-Triage remediation, questionnaire review pass 2026-08-04.",Existing control - evidence missing (tentative),Pending Stage 2 evidence discovery,TBD,TBD,TBD,TBD,Pending,,Partial,Partial,Not yet triaged
Cloud CSQ,DR.03,Business Continuity Planning,Are you BS25999 or ISO 22301 certified?,Non-mandatory,No,"No BS 25999 or ISO 22301 business-continuity certification exists. IST Health Tele-Triage remediation, questionnaire review pass 2026-08-04.",No,"No BS 25999 or ISO 22301 business-continuity certification exists. IST Health Tele-Triage remediation, questionnaire review pass 2026-08-04.",Cannot currently comply,Pending Stage 2 evidence discovery,TBD,TBD,TBD,TBD,Pending,,No,No,Not yet triaged
Cloud CSQ,DR.04,,Confirm whether the supplier provide customers with geographically resilient hosting options?,Mandatory,Partial,"A geographically-resilient database (cross-region read replica, asia-south1/Mumbai) now exists alongside the primary (me-central1/Doha). No standby compute/hosting tier exists in the DR region yet, and failover has not been tested - a real but partial answer, not a fully realized geo-resilient hosti",Partial,"A geographically-resilient database (cross-region read replica, asia-south1/Mumbai) now exists alongside the primary (me-central1/Doha). No standby compute/hosting tier exists in the DR region yet, and failover has not been tested - a real but partia",Existing control - evidence missing (tentative),Pending Stage 2 evidence discovery,TBD,TBD,TBD,TBD,Pending,,Partial,Partial,Not yet triaged
Cloud CSQ,DR.05,Business Continuity Testing,Confirm whether business continuity plans subject to test at planned intervals or upon significant organizational or environmental changes to ensure continuing effectiveness?,Mandatory,No,"No business-continuity plan has been tested at planned intervals - the one real DR-adjacent test performed (the restore drill, docs/restore-drill-2026-08-04.md) was a single one-off event, not a recurring, scheduled BCP test program. IST Health Tele-Triage remediation, questionnaire review pass 2026",No,"No business-continuity plan has been tested at planned intervals - the one real DR-adjacent test performed (the restore drill, docs/restore-drill-2026-08-04.md) was a single one-off event, not a recurring, scheduled BCP test program. IST Health Tele-",Cannot currently comply,Pending Stage 2 evidence discovery,TBD,TBD,TBD,TBD,Pending,,No,No,Not yet triaged
Cloud CSQ,DR.06,Environment al Risks,"Confirm whether physical protection against damage from natural causes and disasters as well as deliberate attacks anticipated, designed and countermeasures applied?",Mandatory,Yes (inherited),"Physical protection against natural disasters and deliberate attacks for the underlying data center is real and independently attested by Google Cloud - inherited from the platform, not directly operated by this application team. IST Health Tele-Triage remediation, questionnaire review pass 2026-08-",Other,"Physical protection against natural disasters and deliberate attacks for the underlying data center is real and independently attested by Google Cloud - inherited from the platform, not directly operated by this application team. IST Health Tele-Tria",Cannot currently comply,Pending Stage 2 evidence discovery,TBD,TBD,TBD,TBD,Pending,,Other,Other,Not yet triaged
Cloud CSQ,DR.07,Equipment Power Failures,"Confirm whether Security mechanisms and redundancies implemented to protect equipment from utility service outages (e.g., power failures, network disruptions, etc.)?",Mandatory,Yes (inherited),"Same as DR.06 - power/network redundancy for the physical data center is a real, independently-attested Google Cloud capability, inherited from the platform. IST Health Tele-Triage remediation, questionnaire review pass 2026-08-04.",Other,"Same as DR.06 - power/network redundancy for the physical data center is a real, independently-attested Google Cloud capability, inherited from the platform. IST Health Tele-Triage remediation, questionnaire review pass 2026-08-04.",Cannot currently comply,Pending Stage 2 evidence discovery,TBD,TBD,TBD,TBD,Pending,,Other,Other,Not yet triaged
Cloud CSQ,DR.08,Power/Telecommunications,Confirm whether the supplier provide customers with documentation showing the transport route of their data between your systems?,Non-mandatory,No,"No documentation exists describing the physical network transport route of data between systems - not compiled for this bespoke internal application. IST Health Tele-Triage remediation, questionnaire review pass 2026-08-04.",No,"No documentation exists describing the physical network transport route of data between systems - not compiled for this bespoke internal application. IST Health Tele-Triage remediation, questionnaire review pass 2026-08-04.",Cannot currently comply,Pending Stage 2 evidence discovery,TBD,TBD,TBD,TBD,Pending,,No,No,Not yet triaged
Cloud CSQ,DR.09,,Can customers define how their data is transported and through which legal jurisdiction?,Mandatory,No,"No customer-configurable control over the legal jurisdiction data transits through exists - data routing follows the fixed me-central1 deployment topology. IST Health Tele-Triage remediation, questionnaire review pass 2026-08-04.",No,"No customer-configurable control over the legal jurisdiction data transits through exists - data routing follows the fixed me-central1 deployment topology. IST Health Tele-Triage remediation, questionnaire review pass 2026-08-04.",Privacy or legal closure,Pending Stage 2 evidence discovery,TBD,TBD,TBD,TBD,Pending,,No,No,Not yet triaged
Cloud CSQ,AR.01,Customer Access Requirements,"Are all identified security, contractual and regulatory requirements  for  customer access contractually addressed and remediated prior to granting customers access  to data, assets and information systems?",Non-mandatory,Partial,"Real security/access requirements were addressed as part of this engagement's remediation work (tenant isolation, RBAC, session hardening) prior to any environment going live for testing - there is no formal, separate contractual sign-off gate distinct from the engineering verification process itsel",Partial,"Real security/access requirements were addressed as part of this engagement's remediation work (tenant isolation, RBAC, session hardening) prior to any environment going live for testing - there is no formal, separate contractual sign-off gate distin",Existing control - evidence missing (tentative),Pending Stage 2 evidence discovery,TBD,TBD,TBD,TBD,Pending,,Partial,Partial,Not yet triaged
Cloud CSQ,AR.02,,Confirm whether the supplier use open standards to delegate authentication capabilities to your customers?,Non-mandatory,Partial,"Partial - a real OAuth2/OIDC authentication-delegation mechanism now exists (GET /api/v1/auth/sso/:providerId/login + /callback), verified against a local mock OIDC issuer. Not yet exercised against a real customer/QR identity provider. IST Health Tele-Triage remediation, SSO/MFA pass 2026-08-04.",Partial,"Partial - a real OAuth2/OIDC authentication-delegation mechanism now exists (GET /api/v1/auth/sso/:providerId/login + /callback), verified against a local mock OIDC issuer. Not yet exercised against a real customer/QR identity provider. IST Health Te",Existing control - evidence missing (tentative),Pending Stage 2 evidence discovery,TBD,TBD,TBD,TBD,Pending,,Partial,Partial,Not yet triaged
Cloud CSQ,AR.03,,"*Confirm whether the supplier support identity federation standards (SAML, SPML, WS-Federation, etc.) as a means of_x000D_
authenticating/authorizing users?",Mandatory,Partial,"Partial - OIDC (a modern identity-federation standard) is now supported for real (authorization-code + PKCE, verified against a mock IdP). The specifically-named legacy standards (SAML, SPML, WS-Federation) remain unimplemented. IST Health Tele-Triage remediation, SSO/MFA pass 2026-08-04.",Partial,"Partial - OIDC (a modern identity-federation standard) is now supported for real (authorization-code + PKCE, verified against a mock IdP). The specifically-named legacy standards (SAML, SPML, WS-Federation) remain unimplemented. IST Health Tele-Triag",Existing control - evidence missing (tentative),Pending Stage 2 evidence discovery,TBD,TBD,TBD,TBD,Pending,,Partial,Partial,Not yet triaged
Cloud CSQ,AR.04,,Confirm whether the supplier have a Policy Enforcement Point capability (ex. XACML) to enforce regional legal and policy constraints on user access?,Non-mandatory,No,"No Policy Enforcement Point (e.g. XACML) capability exists to enforce regional legal/policy constraints on user access at that architectural layer - access control is enforced via the application's own RBAC middleware instead, a real but different mechanism. IST Health Tele-Triage remediation, quest",No,"No Policy Enforcement Point (e.g. XACML) capability exists to enforce regional legal/policy constraints on user access at that architectural layer - access control is enforced via the application's own RBAC middleware instead, a real but different me",Privacy or legal closure,Pending Stage 2 evidence discovery,TBD,TBD,TBD,TBD,Pending,,No,No,Not yet triaged
Cloud CSQ,AR.05,,Confirm whether the supplier have an identity management system in place which enables both role-based and context-based entitlement to data (enables classification of data for a customer) if requested?,Mandatory,Yes,"Real identity management exists enabling both role-based (66 permission codes) and, to a lesser extent, context-based (tenant/organizationId-scoped) entitlement to data - confirmed by code review of src/services/authorization.ts and the tenant-isolation work verified this engagement. IST Health Tele",Yes,none,Fully compliant,No action - already Yes,,,,,Existing (see remarks),"Real identity management exists enabling both role-based (66 permission codes) and, to a lesser extent, context-based (tenant/organizationId-scoped) entitlement to data - confirmed by code review of s",Yes,Yes,Closed
Cloud CSQ,AR.06,,"*Confirm whether the supplier provide customers with strong (multifactor) authentication options (digital certs, tokens, biometric, etc...) for user access?",Mandatory,Yes,"Yes - real TOTP (RFC 6238) multi-factor authentication now exists: enrollment, confirmation, and a login-time challenge, verified with real generated/verified codes and composed with the existing account-lockout mechanism. IST Health Tele-Triage remediation, SSO/MFA pass 2026-08-04.",Yes,none,Fully compliant,No action - already Yes,,,,,Existing (see remarks),"Yes - real TOTP (RFC 6238) multi-factor authentication now exists: enrollment, confirmation, and a login-time challenge, verified with real generated/verified codes and composed with the existing acco",Yes,Yes,Closed
Cloud CSQ,AR.07,,Confirm whether the supplier allow customers to use third party identity assurance services?,Non-mandatory,No,"No third-party identity-assurance service integration exists - authentication is fully internal, with no external identity-assurance provider option. IST Health Tele-Triage remediation, questionnaire review pass 2026-08-04.",No,"No third-party identity-assurance service integration exists - authentication is fully internal, with no external identity-assurance provider option. IST Health Tele-Triage remediation, questionnaire review pass 2026-08-04.",Cannot currently comply,Pending Stage 2 evidence discovery,TBD,TBD,TBD,TBD,Pending,,No,No,Not yet triaged
Cloud CSQ,AR.08,,Confirm whether the supplier utilize source-code analysis tool to detect code security defects prior to production?,Mandatory,Yes,"Yes - a dedicated static application security testing (SAST) tool is now wired into CI: GitHub CodeQL (.github/workflows/codeql.yml) analyzes the full javascript-typescript codebase on every push/PR to main plus a weekly scheduled scan, verified running end-to-end on GitHub Actions (real extraction ",Yes,none,Fully compliant,No action - already Yes,,,,,Existing (see remarks),Yes - a dedicated static application security testing (SAST) tool is now wired into CI: GitHub CodeQL (.github/workflows/codeql.yml) analyzes the full javascript-typescript codebase on every push/PR t,Yes,Yes,Closed
Cloud CSQ,AR.09,,*Confirm whether the supplier verify that all of your software suppliers adhere to industry standards for Systems/Software Development Lifecycle (SDLC) security?,Mandatory,N/A,"Not applicable - this application has no third-party software suppliers whose SDLC needs to be verified; all code is developed in-house for this engagement. IST Health Tele-Triage remediation, questionnaire review pass 2026-08-04.",N/A,Not applicable,Valid N/A,No action,,,,,,"Not applicable - this application has no third-party software suppliers whose SDLC needs to be verified; all code is developed in-house for this engagement. IST Health Tele-Triage remediation, questio",N/A,N/A,Closed
Cloud CSQ,AR.10,Data Integrity,"Confirm whether data input and output integrity routines (i.e., reconciliation and edit checks) implemented for application interfaces and databases to prevent manual or systematic processing errors or corruption of data?",Mandatory,Partial,"Zod schema validation performs real input-integrity checking on every API request (confirmed, used throughout the codebase) - there is no separate reconciliation/edit-check routine specifically for data interchange with external systems beyond this request-level validation. IST Health Tele-Triage re",Partial,"Zod schema validation performs real input-integrity checking on every API request (confirmed, used throughout the codebase) - there is no separate reconciliation/edit-check routine specifically for data interchange with external systems beyond this r",Existing control - evidence missing (tentative),Pending Stage 2 evidence discovery,TBD,TBD,TBD,TBD,Pending,,Partial,Partial,Not yet triaged
Cloud CSQ,AR.11,Production/Nonproduction Environments,"*For your PaaS offering, do you provide customers with separate environments for production and test processes?",Mandatory,Yes,"Real, separate environments exist for production-equivalent (soc2/demo) and non-production purposes, each with its own database, secrets, and Cloud Run service (confirmed, verified this engagement) - genuine environment separation, not shared infrastructure. IST Health Tele-Triage remediation, quest",Yes,none,Fully compliant,No action - already Yes,,,,,Existing (see remarks),"Real, separate environments exist for production-equivalent (soc2/demo) and non-production purposes, each with its own database, secrets, and Cloud Run service (confirmed, verified this engagement) - ",Yes,Yes,Closed
Cloud CSQ,AR.12,,"For your IaaS offering, do you provide customers with guidance on how to create suitable production and test environments?",Non-mandatory,N/A,"Not applicable - this offering is PaaS/serverless (Cloud Run), not IaaS; there is no customer-managed virtual-machine layer to provide test/production separation guidance for. IST Health Tele-Triage remediation, questionnaire review pass 2026-08-04.",N/A,Not applicable,Valid N/A,No action,,,,,,"Not applicable - this offering is PaaS/serverless (Cloud Run), not IaaS; there is no customer-managed virtual-machine layer to provide test/production separation guidance for. IST Health Tele-Triage r",N/A,N/A,Closed
Cloud CSQ,AR.13,Remote User Multifactor Authentication,Confirm whether multi-factor authentication required for all remote user access?,Mandatory,Partial,"Partial - real, enforceable per-user TOTP MFA now exists (a user with MFA enabled must complete it to log in), but it is opt-in per user rather than mandated for all remote user access organization-wide - that mandatory-rollout policy decision is a separate, later step, not an engineering gap. IST H",Partial,"Partial - real, enforceable per-user TOTP MFA now exists (a user with MFA enabled must complete it to log in), but it is opt-in per user rather than mandated for all remote user access organization-wide - that mandatory-rollout policy decision is a s",Existing control - evidence missing (tentative),Pending Stage 2 evidence discovery,TBD,TBD,TBD,TBD,Pending,,Partial,Partial,Not yet triaged
Cloud CSQ,AR.14,Network Security,"For your IaaS offering, do you provide customers with guidance on how to create a layered security architecture equivalence using your virtualized solution?",Non-mandatory,N/A,"Not applicable - same reason as AR.11, this is a PaaS/serverless offering with no customer-managed virtual infrastructure layer to provide layered-security guidance for. IST Health Tele-Triage remediation, questionnaire review pass 2026-08-04.",N/A,Not applicable,Valid N/A,No action,,,,,,"Not applicable - same reason as AR.11, this is a PaaS/serverless offering with no customer-managed virtual infrastructure layer to provide layered-security guidance for. IST Health Tele-Triage remedia",N/A,N/A,Closed
Cloud CSQ,AR.15,Wireless Security,Confirm whether policies and procedures established and mechanisms implemented to protect network environment perimeter and configured to restrict unauthorized traffic?,Mandatory,Partial,"Real network-perimeter protections exist (Cloud Run's platform-level ingress controls, the explicit CORS origin allowlist, the optional IP allowlisting middleware added this engagement) - there is no dedicated network intrusion-prevention system layered on top. IST Health Tele-Triage remediation, qu",Partial,"Real network-perimeter protections exist (Cloud Run's platform-level ingress controls, the explicit CORS origin allowlist, the optional IP allowlisting middleware added this engagement) - there is no dedicated network intrusion-prevention system laye",Existing control - evidence missing (tentative),Pending Stage 2 evidence discovery,TBD,TBD,TBD,TBD,Pending,,Partial,Partial,Not yet triaged
Cloud CSQ,AR.16,,"Confirm whether policies and procedures established and mechanisms implemented to ensure proper security settings enabled with strong encryption for authentication and transmission, replacing vendor default settings? (e.g., encryption keys, passwords, SNMP community strings, etc.)",Mandatory,Partial,"Strong encryption is enforced for all traffic by default (TLS, confirmed real) - there is no separate, formally documented 'security settings' policy beyond what the platform and application code already enforce. IST Health Tele-Triage remediation, questionnaire review pass 2026-08-04.",Partial,"Strong encryption is enforced for all traffic by default (TLS, confirmed real) - there is no separate, formally documented 'security settings' policy beyond what the platform and application code already enforce. IST Health Tele-Triage remediation, q",Existing control - evidence missing (tentative),Pending Stage 2 evidence discovery,TBD,TBD,TBD,TBD,Pending,,Partial,Partial,Not yet triaged
Cloud CSQ,AR.17,,Confirm whether policies and procedures established and mechanisms implemented to protect network environments and detect the presence of unauthorized (rogue) network devices for a timely disconnect from the network?,Mandatory,No,"No dedicated unauthorized-wireless-access-point detection capability exists - not directly applicable, since this application has no physical network infrastructure of its own to monitor (fully cloud-hosted). IST Health Tele-Triage remediation, questionnaire review pass 2026-08-04.",No,"No dedicated unauthorized-wireless-access-point detection capability exists - not directly applicable, since this application has no physical network infrastructure of its own to monitor (fully cloud-hosted). IST Health Tele-Triage remediation, quest",Valid N/A (candidate - verify),Pending Stage 2 evidence discovery,TBD,TBD,TBD,TBD,Pending,,No,No,Not yet triaged
Cloud CSQ,AR.18,Shared Networks,"Confirm whether access to systems with shared network infrastructure restricted to authorized personnel in accordance with security policies, procedures and standards. Networks shared with external entities shall have a documented plan detailing the compensating controls used to separate network traffic between organizations?",Mandatory,Yes,"Access to shared infrastructure (the Cloud SQL instance, Secret Manager, Cloud Run services) is restricted via GCP IAM to specific service accounts and this engagement's own authorized operators - confirmed real, not a claim. IST Health Tele-Triage remediation, questionnaire review pass 2026-08-04.",Yes,none,Fully compliant,No action - already Yes,,,,,Existing (see remarks),"Access to shared infrastructure (the Cloud SQL instance, Secret Manager, Cloud Run services) is restricted via GCP IAM to specific service accounts and this engagement's own authorized operators - con",Yes,Yes,Closed
Cloud CSQ,AR.19,Clock Synchronizati on,*Confirm whether the supplier utilize a synchronized time-service protocol (ex. NTP) to ensure all systems have a common time reference?,Mandatory,Yes (inherited),"Google Cloud's infrastructure uses synchronized time services (NTP or equivalent) by default across all managed compute - a real, platform-inherited guarantee, confirmed by the consistent, correct timestamps observed throughout this engagement's logging and audit trail work. IST Health Tele-Triage r",Other,"Google Cloud's infrastructure uses synchronized time services (NTP or equivalent) by default across all managed compute - a real, platform-inherited guarantee, confirmed by the consistent, correct timestamps observed throughout this engagement's logg",Cannot currently comply,Pending Stage 2 evidence discovery,TBD,TBD,TBD,TBD,Pending,,Other,Other,Not yet triaged
Cloud CSQ,AR.20,Equipment Identification,Is automated equipment identification used as a method of connection authentication to validate connection authentication integrity based on known equipment location?,Non-mandatory,No,"No automated equipment-identification/connection-authentication mechanism beyond standard TLS/session-token validation exists. IST Health Tele-Triage remediation, questionnaire review pass 2026-08-04.",No,"No automated equipment-identification/connection-authentication mechanism beyond standard TLS/session-token validation exists. IST Health Tele-Triage remediation, questionnaire review pass 2026-08-04.",Cannot currently comply,Pending Stage 2 evidence discovery,TBD,TBD,TBD,TBD,Pending,,No,No,Not yet triaged
Cloud CSQ,AR.21,Audit Logging/Intrusion Detection,"Confirm whether file integrity (host) and network intrusion detection (IDS) tools implemented to help facilitate timely detection, investigation by root cause analysis and response to incidents?",Mandatory,Partial,"Application-level audit logging exists for data-modifying actions (real, expanding this engagement) - there is no dedicated file-integrity monitoring or network intrusion-detection tool layered on top of the application. IST Health Tele-Triage remediation, questionnaire review pass 2026-08-04.",Partial,"Application-level audit logging exists for data-modifying actions (real, expanding this engagement) - there is no dedicated file-integrity monitoring or network intrusion-detection tool layered on top of the application. IST Health Tele-Triage remedi",Existing control - evidence missing (tentative),Pending Stage 2 evidence discovery,TBD,TBD,TBD,TBD,Pending,,Partial,Partial,Not yet triaged
Cloud CSQ,AR.22,,Confirm whether Physical and logical user access to audit logs restricted to authorized personnel?,Mandatory,Yes,"Audit-event access is restricted via the same RBAC permission system as the rest of the application (audit.events.view permission gates GET /api/v1/admin/audit-events, confirmed by code review) - only authorized roles can view the audit log. IST Health Tele-Triage remediation, questionnaire review p",Yes,none,Fully compliant,No action - already Yes,,,,,Existing (see remarks),"Audit-event access is restricted via the same RBAC permission system as the rest of the application (audit.events.view permission gates GET /api/v1/admin/audit-events, confirmed by code review) - only",Yes,Yes,Closed
Cloud CSQ,AR.23,,Confirm whether the supplier can provide evidence that due diligence mapping of currently applicable regulations and standards to your controls/architecture/processes has been done?,Mandatory,Yes,docs/regulatory-due-diligence-mapping.md is the real due-diligence mapping evidence requested here. Closed 2026-08-05: real code now implements this control end-to-end (see docs/qr-questionnaire-backlog-tracker.md for the specific commit).,Yes,none,Fully compliant,No action - already Yes,,,,,Existing (see remarks),docs/regulatory-due-diligence-mapping.md is the real due-diligence mapping evidence requested here. Closed 2026-08-05: real code now implements this control end-to-end (see docs/qr-questionnaire-backl,Yes,Yes,Closed
Cloud CSQ,AR.24,Mobile Code,Confirm whether mobile code tested (in terms of security) before its installation and use and the code configuration checked to ensure that the authorized mobile code operates according to a clearly defined security policy?,Mandatory,N/A,"Not applicable - no mobile code (e.g. Java applets, ActiveX) is used anywhere in this application; it is a standard server-rendered/React single-page application. IST Health Tele-Triage remediation, questionnaire review pass 2026-08-04.",N/A,Not applicable,Valid N/A,No action,,,,,,"Not applicable - no mobile code (e.g. Java applets, ActiveX) is used anywhere in this application; it is a standard server-rendered/React single-page application. IST Health Tele-Triage remediation, q",N/A,N/A,Closed
Cloud CSQ,AR.25,,Confirm whether all unauthorized mobile code prevented from executing?,Mandatory,N/A,"Not applicable - same reason as AR.24, no mobile code execution model exists in this application to prevent unauthorized code from running. IST Health Tele-Triage remediation, questionnaire review pass 2026-08-04.",N/A,Not applicable,Valid N/A,No action,,,,,,"Not applicable - same reason as AR.24, no mobile code execution model exists in this application to prevent unauthorized code from running. IST Health Tele-Triage remediation, questionnaire review pas",N/A,N/A,Closed
